segment_id,osm_id,osm_name,osm_type,start_lat,start_long,end_lat,end_long
7,27173241,ถนนสุขุมวิท,trunk,12.731154795763379,100.8911189480037,12.727015733282995,100.88927312505477
10,27173241,ถนนสุขุมวิท,trunk,12.71834667656367,100.88739851089755,12.713888664715206,100.88815238593959
12,27173241,ถนนสุขุมวิท,trunk,12.709432997303828,100.88892067460291,12.704980320439104,100.88970701012298
13,27173241,ถนนสุขุมวิท,trunk,12.704980320439104,100.88970701012298,12.700527966190567,100.89049492565212
16,27173241,ถนนสุขุมวิท,trunk,12.691619075156664,100.89204650145895,12.687169111404824,100.89284152094876
25,27173241,ถนนสุขุมวิท,trunk,12.66793763985333,100.91765634849199,12.66676534309057,100.92210101094126
30,27173241,ถนนสุขุมวิท,trunk,12.66633218066613,100.94030925711739,12.666640687549657,100.94489952302483
33,27173241,ถนนสุขุมวิท,trunk,12.669086816188805,100.95332093123467,12.672639858867155,100.95616408444937
44,27173241,ถนนสุขุมวิท,trunk,12.695834449480945,100.9941801221874,12.697565988955093,100.99842985556964
48,27622071,,trunk,13.093090999999996,101.12978570000001,13.096899967539768,101.13226366673435
51,27622071,,trunk,13.102761094436616,101.13921842432546,13.105448499651157,101.14292405908334
54,27622071,,trunk,13.110757192576362,101.15038467393317,13.113359453917884,101.15415311023237
56,27622071,,trunk,13.116057021451626,101.15785018056766,13.119105083933539,101.16119837352744
63,27622071,,trunk,13.14500701536759,101.16913933756011,13.149402218029715,101.17020545049819
64,27622071,,trunk,13.149402218029715,101.17020545049819,13.153291345058225,101.17246825193763
65,27622071,,trunk,13.153291345058225,101.17246825193763,13.156647161287495,101.17555529397492
73,27622071,,trunk,13.180508140923514,101.19673862774272,13.183928060877975,101.19975183376027
74,27622071,,trunk,13.183928060877975,101.19975183376027,13.187330358880809,101.20278575602809
75,27622071,,trunk,13.187330358880809,101.20278575602809,13.190740840156485,101.20581002314559
82,27622071,,trunk,13.213660584703284,101.2202674605978,13.217698406734227,101.22233638166824
84,27622071,,trunk,13.221736200036037,101.2244053791017,13.225711878956664,101.22659489206924
93,27783834,,tertiary,13.08779668060337,100.89468532517239,13.0839131838249,100.89704235807234
95,27783834,,tertiary,13.080011144457128,100.89936743709013,13.07610079376186,100.9016779463165
97,32027518,พระตำหนัก,tertiary,12.9220931,100.8715585,12.918827318249953,100.86848482449253
98,32027518,พระตำหนัก,tertiary,12.918827318249953,100.86848482449253,12.916645564133061,100.86676008782723
99,32027518,พระตำหนัก,tertiary,12.916645564133061,100.86676008782723,12.9114445,100.8694028
102,32027522,จอมเทียนสายหนึ่ง,tertiary,12.868209308937487,100.89132722642545,12.872003521268299,100.88882620442341
111,32872670,ถนนสุขุมวิท,trunk,12.881260699999999,100.8984347,12.885691615655102,100.89767414765342
117,32872670,ถนนสุขุมวิท,trunk,12.908234514006285,100.89612018112038,12.912743683008298,100.89582039271353
119,32872670,ถนนสุขุมวิท,trunk,12.917202244170378,100.89627773034536,12.921556659025638,100.89750491382819
126,32872670,ถนนสุขุมวิท,trunk,12.947604345103064,100.9051656701469,12.951948698053734,100.90643280255844
129,32872670,ถนนสุขุมวิท,trunk,12.960695853818635,100.90873208472074,12.965096939149836,100.90977576223325
132,32872670,ถนนสุขุมวิท,trunk,12.97352936822249,100.91278155734683,12.977181576293479,100.91549515958316
136,32872670,ถนนสุขุมวิท,trunk,12.98810224092095,100.92367939254785,12.992133524922531,100.92575554449213
137,32872670,ถนนสุขุมวิท,trunk,12.992133524922531,100.92575554449213,12.996191672654028,100.92778273992973
142,32877130,,secondary,13.277407102000817,100.94541953038832,13.277067241748847,100.94998570296491
153,32877130,,secondary,13.25087671419006,100.95933922838255,13.247331175041088,100.95812911193529
154,32877130,,secondary,13.247331175041088,100.95812911193529,13.243190574595102,100.9599763420953
167,35129327,พัทยาสายสอง,tertiary,12.939375257939233,100.88720685147511,12.943720395284279,100.88846612013917
170,35603169,ถนนสุขุมวิท,trunk,12.952127499999998,100.9067615,12.945890999999998,100.9049079
172,36239022,ถนนชัยพฤกษ์,tertiary,12.878621208541407,100.88951023732537,12.879902527041647,100.89392638051415
178,37616930,ถนนนาเกลือ,tertiary,12.954801066333516,100.89024655205739,12.958521396618055,100.89286106335925
189,47573624,ทุงกลม-ตาลหมัน 9,tertiary,12.895725000000004,100.92072540000001,12.898154600000002,100.9212715
192,47573736,,tertiary,12.947267440795036,101.05477324676194,12.94359048080358,101.05700184964955
195,47573736,,tertiary,12.937221093477245,101.06241655015866,12.934189039453333,101.06455024222001
196,47573736,,tertiary,12.934189039453333,101.06455024222001,12.930163912307343,101.06663773393016
200,47573736,,tertiary,12.919235949395745,101.06314320312087,12.91641512286002,101.06662985101664
201,47573736,,tertiary,12.91641512286002,101.06662985101664,12.913675555949775,101.07029155741556
207,52058573,,secondary,13.283375000000001,101.255904,13.283512504003129,101.25129530603512
214,52058573,,secondary,13.282416749287885,101.22525131604857,13.283491470341446,101.22078735093658
218,52058581,,tertiary,13.28531042932779,101.17278126504165,13.28083099129036,101.17217991444677
225,52058628,จารุวร,primary,13.310104483746104,101.18303180537836,13.314333294336883,101.18385143233527
227,52058628,จารุวร,primary,13.318318974682805,101.18507334970286,13.32280996623499,101.1854535441982
232,52058628,จารุวร,primary,13.339824653213135,101.1905823970411,13.343768973018289,101.19283217457618
243,52058628,จารุวร,primary,13.38807187144002,101.19293405170983,13.392564769484624,101.19247497467408
247,52058628,จารุวร,primary,13.405656107971467,101.18996798205872,13.410112367279515,101.18923860979824
251,52058628,จารุวร,primary,13.423110877725422,101.18550862504381,13.427321219816763,101.18385357002147
256,52058666,จารุวร,primary,13.44356306933585,101.17753536259019,13.447939993159991,101.17639416498777
257,52058666,จารุวร,primary,13.447939993159991,101.17639416498777,13.450600299999996,101.175713
259,52058667,,secondary,13.472282993135858,101.10009050486993,13.4711829,101.0966206
260,52059064,,secondary,13.308118799999997,101.1223613,13.303967299999998,101.122542
272,82396177,ถนนสุขุมวิท,trunk,12.963776621944026,100.90959032081938,12.959348728802341,100.90867492316093
277,83543089,,tertiary,13.142864936471105,101.60403211564305,13.146619585042465,101.60147278276564
283,83543089,,tertiary,13.164001628300896,101.59313924902564,13.16765991766332,101.59043563013773
288,83543089,,tertiary,13.183898368345123,101.58674821757272,13.187664245599516,101.58442292441525
292,83543089,,tertiary,13.197828322573873,101.5785837538191,13.202251215434583,101.577677637106
301,83543089,,tertiary,13.229730441013649,101.55797772833742,13.231960513791787,101.55396962469705
307,83543089,,tertiary,13.244153008556559,101.53462981294953,13.246884980096446,101.5309577056732
308,83543089,,tertiary,13.246884980096446,101.5309577056732,13.24938299900536,101.52712029454817
313,83543089,,tertiary,13.257939380484261,101.5115633179904,13.260211015562708,101.50762885933287
317,83543089,,tertiary,13.266854424610491,101.4960375225946,13.268897767101791,101.49192497079223
331,83872098,ชลบุรี-พัทยา,trunk,13.32691967588071,100.99017403254591,13.322465680471936,100.99095145071216
336,83872104,ถนนสุขุมวิท,trunk,13.0083716,100.9304806,13.012858020371594,100.93102799042263
344,83872104,ถนนสุขุมวิท,trunk,13.043918686381378,100.92679114586014,13.048419437630443,100.92638261591662
346,83872104,ถนนสุขุมวิท,trunk,13.052921136336947,100.92598356794446,13.0574281314704,100.92565068339879
347,83872104,ถนนสุขุมวิท,trunk,13.0574281314704,100.92565068339879,13.06193121704772,100.92526575128049
352,83872114,ถนนเลี่ยงเมืองชล,trunk,13.332110999956782,100.97911984593756,13.331553799999998,100.98560170000002
365,85767682,,tertiary,12.830898660638761,100.96472454285728,12.832627369246117,100.96896928787609
366,85767682,,tertiary,12.832627369246117,100.96896928787609,12.83085585322062,100.97318794167455
371,85767682,,tertiary,12.821273818763318,100.98862407032956,12.818474301063501,100.99223373767661
385,86168716,ซอยหนองจับเต่า,tertiary,12.771267217810282,100.95103691198908,12.774364437320456,100.94768967887049
387,86168716,ซอยหนองจับเต่า,tertiary,12.777230520989015,100.94413234198316,12.780454159505855,100.94091126359643
398,86188036,,tertiary,12.78970537480881,101.03007774574387,12.786187683042217,101.02730680635995
399,86188036,,tertiary,12.786187683042217,101.02730680635995,12.78276699135775,101.02466624968801
402,86188036,,tertiary,12.774124351379172,101.0248858905941,12.772600135277038,101.02065967605881
403,86188036,,tertiary,12.772600135277038,101.02065967605881,12.768294434814585,101.01954483786645
405,86188036,,tertiary,12.763838271701943,101.01878597179841,12.761158592128172,101.02191141755024
407,86188036,,tertiary,12.759862160161184,101.02632148550299,12.757777536140262,101.03022835305372
413,86188036,,tertiary,12.739441249993906,101.04367612193006,12.7361478,101.0460913
426,93041434,พรประภานิมิต 22,tertiary,12.932401300000004,100.9395872,12.928758357598937,100.93711769425839
434,93172323,,tertiary,12.938988348079976,100.97215236530151,12.943455299999998,100.9726487
435,93172721,พรประภานิมิต 34,tertiary,12.921239800000002,100.9638565,12.917025932524563,100.96227889089079
438,93172721,พรประภานิมิต 34,tertiary,12.912482632749677,100.96850604656544,12.908078751279414,100.96793314497202
439,93172721,พรประภานิมิต 34,tertiary,12.908078751279414,100.96793314497202,12.904591253240305,100.96949468341163
441,93553510,,tertiary,12.978952699999999,100.9593403,12.975109838879643,100.95709025570159
448,93572605,,tertiary,12.966859378117151,100.95165829507081,12.962347077298602,100.95145171874019
450,93572605,,tertiary,12.957838968242104,100.95120833538975,12.95390664648243,100.95119772594214
454,93576486,Pattaya Bypass,tertiary,12.98914829625525,100.9319622899457,12.98476482525733,100.93084281843683
459,93576486,Pattaya Bypass,tertiary,12.968246695799458,100.92345752161756,12.964182471731881,100.92144315237138
461,93576486,Pattaya Bypass,tertiary,12.960096770162526,100.91947481059594,12.956031955439267,100.91746204509455
477,93678717,บายพาสชลบุรี-พัท,tertiary,12.891355508233254,100.90083803880407,12.88716310891515,100.90255687829536
482,93678717,บายพาสชลบุรี-พัท,tertiary,12.870462310847914,100.90960570622029,12.866285111186631,100.91136272316257
491,93678720,บายพาสชลบุรี-พัท,tertiary,12.9608804872206,100.91942197177434,12.964958441946301,100.92140726830601
500,93687097,,tertiary,12.9239721,101.0089012,12.920616500000001,101.0044514
504,95458494,,tertiary,12.983644143880058,100.99956116243642,12.97925822531062,101.00036104720832
505,95458494,,tertiary,12.97925822531062,101.00036104720832,12.976290764381531,101.00353902963003
509,95458494,,tertiary,12.96563722749988,101.01177045478387,12.959430399999999,101.0139615
512,95458511,,tertiary,13.0211598,100.9498556,13.02030497797138,100.95435823073434
517,95458511,,tertiary,13.013643912964374,100.97104911899314,13.010590924184442,100.97444426958309
521,95458511,,tertiary,13.000793186623843,100.9837797194055,12.99749430921995,100.98692850691806
524,95540781,,secondary,13.222749200000003,100.9630162,13.21830285352913,100.96219418639298
525,95540781,,secondary,13.21830285352913,100.96219418639298,13.215381453688698,100.95944215273211
528,95540781,,secondary,13.212636026618547,100.95085131048512,13.213445333923259,100.9463657287075
537,95907028,,tertiary,13.038129197952195,101.11216880396996,13.040035064161785,101.10801250347886
540,95907028,,tertiary,13.04283552800258,101.09966066500618,13.042961007609117,101.09505425671338
542,95907028,,tertiary,13.043099543937878,101.09044914883167,13.043312300000002,101.08732290000002
544,96489806,,tertiary,13.458263972621682,101.1693001544689,13.458707732592536,101.16470813090932
556,96489806,,tertiary,13.466662274119841,101.1153812391591,13.4678821,101.1100176
558,96489808,,primary,13.539713882719868,101.14724451671015,13.543662789904777,101.14501941630907
560,96489808,,primary,13.5475445284801,101.14265633416733,13.5518702,101.1400143
564,96489825,,primary,13.552037800000003,101.139916,13.555910311507885,101.13753692392228
567,96489825,,primary,13.563673272637043,101.13280944180642,13.569430399999996,101.1292933
568,96489826,ศุขประยูร,primary,13.450600299999996,101.175713,13.454989914217839,101.17462041398151
570,96489826,ศุขประยูร,primary,13.459369865882307,101.1734876289433,13.4618785,101.1729164
577,101184076,,tertiary,13.3273274,101.3593212,13.325309997295015,101.36333500835636
586,101184076,,tertiary,13.306323347879117,101.39201476380578,13.303825504494291,101.39583254943616
591,101184076,,tertiary,13.302681240170237,101.41312067977563,13.302325056200042,101.41754081399894
599,101184718,,tertiary,13.046316287211743,101.13465395419486,13.04662189452148,101.13919532868124
600,101184718,,tertiary,13.04662189452148,101.13919532868124,13.04640940418645,101.14376630493994
610,101185503,,tertiary,12.984239930058525,100.9818592198552,12.984184258949394,100.97729693737774
615,101312818,,tertiary,12.825010200596548,100.96150341142504,12.820641726651177,100.96077345969746
621,103252319,,secondary,12.623168195252994,100.93078792032856,12.624356908236193,100.93510233249047
630,103252319,,secondary,12.651012138820178,100.95864174838546,12.654415307284426,100.96166941298053
631,103252319,,secondary,12.654415307284426,100.96166941298053,12.65781847110814,100.96469711006935
636,103252319,,secondary,12.67143331217819,100.97680243699422,12.675708602906678,100.97797302188877
644,103478305,ศุขประยูร,trunk,13.399799494295708,101.02841510819674,13.402012622711005,101.03243305868001
647,103478305,ศุขประยูร,trunk,13.40489923786866,101.04115763670484,13.406467068442488,101.04548027612202
651,103478305,ศุขประยูร,trunk,13.412335321548655,101.0579351092912,13.414365862979055,101.06205419186831
654,103478308,ศุขประยูร,trunk,13.445391299999997,101.1584573,13.444144925202444,101.15402064873666
658,103478309,ศุขประยูร,trunk,13.4243935,101.1093192,13.426201475238166,101.11354806325592
665,103478320,ศุขประยูร,trunk,13.43067962152567,101.12739159359592,13.429768499999996,101.124835
667,103478323,ศุขประยูร,trunk,13.439258809432012,101.14396037223578,13.441363486501189,101.14804264213745
668,103478323,ศุขประยูร,trunk,13.441363486501189,101.14804264213745,13.443616748381494,101.1520180458535
677,103478331,,secondary,13.469752122959257,101.09224148379838,13.465876418495892,101.09189018840931
682,103478331,,secondary,13.449495834875501,101.09929433714106,13.446170019690063,101.1024010349183
687,103478334,ศุขประยูร,trunk,13.445577300000005,101.1588156,13.445451879423269,101.1633826253982
689,103478334,ศุขประยูร,trunk,13.44677702059508,101.1677674521729,13.448840980798789,101.17187368828488
690,103478334,ศุขประยูร,trunk,13.448840980798789,101.17187368828488,13.4506578,101.1756952
691,103478335,,trunk,13.417215999999998,101.0738899,13.417281200000001,101.0741001
692,103478336,,trunk,13.4271494,101.1164057,13.427232399999998,101.1166738
698,103478341,ถนนศุขประยูร,trunk,13.406976336250528,101.04679734137049,13.405176866911171,101.04256954348259
702,103478341,ถนนศุขประยูร,trunk,13.400455764676314,101.02964736649002,13.397923712019233,101.02582517957474
710,103478348,,trunk,13.4242801,101.1093504,13.424192300000003,101.1091449
711,103478350,,trunk,13.429766100000002,101.1244488,13.4298846,101.1247992
724,103478364,ศุขประยูร,trunk,13.424192300000003,101.1091449,13.422771892923318,101.10477353105054
725,103478364,ศุขประยูร,trunk,13.422771892923318,101.10477353105054,13.421636662736018,101.10030583994319
729,103478366,ศุขประยูร,trunk,13.418292213803072,101.07858884985998,13.419341889404516,101.08307822342394
739,103478375,ศุขประยูร,trunk,13.446501217227773,101.16747353333326,13.445275885779278,101.16305120569186
755,114650780,,secondary,12.86741721229912,101.02400536595621,12.862903183735888,101.02421089904529
764,114650780,,secondary,12.831736153729887,101.00571981347234,12.827855988428626,101.00335969027864
773,114650780,,secondary,12.794604720001903,100.99217956177621,12.790086146463443,100.99213200076728
774,114650780,,secondary,12.790086146463443,100.99213200076728,12.785567625236443,100.99207963404338
783,114650780,,secondary,12.749431366398008,100.99138551857318,12.744930833299302,100.99097165307464
786,114650780,,secondary,12.736355726098052,100.98865590866674,12.732504767031013,100.98624760248157
788,114650781,,primary,13.092450099999999,101.1295869,13.088630284818395,101.12712775943082
807,114650781,,primary,13.026842244579768,101.07332237534095,13.02337533485654,101.07036766031905
810,114650781,,primary,13.015286001140446,101.06705444987068,13.010779047253,101.06672461104488
817,114650781,,primary,12.984548503214496,101.06057207803322,12.980182643596576,101.05944915923354
820,114650781,,primary,12.971811950804911,101.05597651462595,12.967628875096269,101.05423431275594
827,114650781,,primary,12.943032549005284,101.04262827149856,12.938976119518209,101.04059986270558
830,114650781,,primary,12.93102677552989,101.03640399893885,12.926844137981776,101.03470073571847
839,116532127,,tertiary,13.44504065786347,101.18613457632321,13.449377811639568,101.18710407279004
845,116532136,,tertiary,13.397248025268967,101.26040570437348,13.399906468766318,101.2567094318373
853,116532136,,tertiary,13.418651292909438,101.23361732184112,13.420934681863796,101.2296348802023
856,116532136,,tertiary,13.42436028384537,101.22109847458862,13.425606753115451,101.21666802634265
858,116532136,,tertiary,13.426617257960679,101.21217088649588,13.427060989957793,101.20758218814377
864,116560133,ถนนสุขุมวิท,primary,13.336923236293279,100.97182771392744,13.333821900000004,100.9698627
869,116560143,ถนนสุขุมวิท,trunk,13.303220100082013,100.94993644916978,13.307044082093078,100.95239471076317
870,116560143,ถนนสุขุมวิท,trunk,13.307044082093078,100.95239471076317,13.3108707085587,100.95484870509117
883,116592956,,trunk,12.941802803288416,100.99467220266645,12.937905044116201,100.99700303541161
890,116592956,,trunk,12.9196129885065,101.01648879691531,12.917209816762815,101.02038982003327
892,116592956,,trunk,12.914327223682022,101.02391142851523,12.911052222796469,101.0270852190646
894,116592956,,trunk,12.907790733413202,101.0302733595183,12.904538833321926,101.03347163801133
897,116592956,,trunk,12.898054075840395,101.0398877118807,12.89479280175228,101.04307589713726
900,116592956,,trunk,12.888283891803159,101.04946657273418,12.885029454329905,101.0526618492772
902,116592956,,trunk,12.88177524749319,101.05585731662545,12.878521579966828,101.05905330133717
905,116592956,,trunk,12.872014281685036,101.06544514999865,12.869258039355802,101.06906571771053
909,116592956,,trunk,12.862559219211724,101.08107713513672,12.8611439,101.0836147
922,116596071,,secondary,12.952919049382956,101.03233450104479,12.95266573566543,101.03680719559551
923,116596071,,secondary,12.95266573566543,101.03680719559551,12.953005639794506,101.0410459536572
924,116596071,,secondary,12.953005639794506,101.0410459536572,12.952330699999996,101.0469885
928,116601648,,trunk,13.119568674839964,100.99737844444101,13.12044320426848,101.00190022371247
934,116601648,,trunk,13.11983707361499,101.02491868137302,13.119640694626888,101.02952456723332
937,116601648,,trunk,13.11928437130083,101.0387377879926,13.119022481596488,101.0433401147273
941,116601648,,trunk,13.113778593084376,101.05564520363711,13.11119134952545,101.05942469145492
942,116601648,,trunk,13.11119134952545,101.05942469145492,13.108576323581167,101.06318369481335
945,116601648,,trunk,13.103405191185944,101.07074457780944,13.101077911658322,101.0746952557835
948,116601648,,trunk,13.096476223202119,101.08262919879897,13.0943517294228,101.08668033455805
955,116601648,,trunk,13.094276228468683,101.11426006706047,13.094101566736192,101.11886606478735
958,116601650,,trunk,13.093547000000001,101.1270337,13.093766592681988,101.12242970914076
960,116601650,,trunk,13.093968216919423,101.11782481323114,13.094132488165707,101.11321834326337
966,116601650,,trunk,13.09376444782632,101.09020002384177,13.094513033378021,101.08569984374975
969,116601650,,trunk,13.099107339359248,101.07776495345212,13.101456536952925,101.0738272033082
970,116601650,,trunk,13.101456536952925,101.0738272033082,13.103851913331317,101.06991970790519
972,116601650,,trunk,13.10644350118842,101.06614356651652,13.109032151266028,101.06236514662878
973,116601650,,trunk,13.109032151266028,101.06236514662878,13.111611872677209,101.05858032617171
979,116601650,,trunk,13.119147929017577,101.03771561377202,13.119297426723428,101.03310791712374
982,116601650,,trunk,13.119685609659891,101.02389595209841,13.119875796851648,101.01928976897138
990,116672665,,secondary,13.1544948,100.9850108,13.154239799999996,100.9882329
996,116674653,,secondary,13.153979999999997,100.9898417,13.153277099999999,100.9941523
1005,116674657,,secondary,13.143160875198317,101.02399600870517,13.140750267978913,101.02680452536832
1012,117364595,ถนนสุขุมวิท,trunk,13.1080284,100.916238,13.105600499999998,100.9159695
1015,132563635,Ban Mabtato,tertiary,12.909566699999997,100.9353088,12.91404178130988,100.9351343373961
1020,132590748,,secondary,13.123045074654383,101.04682586869973,13.126799012795297,101.04912131146546
1024,132590748,,secondary,13.130325282138536,101.0573832950406,13.127324810598799,101.06082936669036
1027,132590748,,secondary,13.124025534908174,101.06904093489788,13.123825703952344,101.07364493698199
1028,132590748,,secondary,13.123825703952344,101.07364493698199,13.123696355921854,101.07825310182153
1029,132590748,,secondary,13.123696355921854,101.07825310182153,13.123005195535043,101.08272563390831
1035,132590748,,secondary,13.119217217529407,101.10434813204093,13.116668005504504,101.10793219177526
1037,132590748,,secondary,13.113969553287461,101.111581416857,13.111783597395364,101.11561071890438
1038,132590748,,secondary,13.111783597395364,101.11561071890438,13.10825388930712,101.11844382823888
1042,132598490,,tertiary,13.0882868,100.9921449,13.0881646,100.9929842
1046,132599850,,tertiary,13.178515423676513,101.03446317092967,13.182845883105227,101.03359764210374
1048,132599850,,tertiary,13.185147875532452,101.02992793484458,13.187995845094818,101.0264992361429
1055,133496772,,secondary,13.148470699999999,101.3311176,13.15085820320589,101.33501735131685
1058,133496772,,secondary,13.155669621938529,101.34281793781349,13.157869169126968,101.34676612642492
1063,133496772,,secondary,13.155673514832944,101.365048517058,13.154691784326259,101.36954799470249
1065,133496772,,secondary,13.154105883580485,101.37406396127963,13.156232095460426,101.37812817442608
1067,133496772,,secondary,13.158197778095829,101.38227757476812,13.160017763754793,101.38649193105539
1073,133498701,,tertiary,13.142213447719882,101.31858576421904,13.141676100000002,101.312256
1075,133570582,,tertiary,13.24235486947115,101.411950225199,13.246841456269637,101.41247434823214
1079,133570582,,tertiary,13.259176619870871,101.4174652063588,13.262817294700008,101.42009690913076
1082,133570582,,tertiary,13.269542227165099,101.42591909207505,13.273953721347555,101.42679639332333
1087,133571431,,secondary,13.282382099999998,101.43101990000001,13.282380199999997,101.4313402
1088,133573880,,secondary,13.402566499999995,101.3248704,13.406114810628367,101.32768945548115
1090,133573880,,secondary,13.410192979376433,101.3295707245254,13.413715310006221,101.33188851540754
1099,133573880,,secondary,13.416116027693015,101.36706832404239,13.414202893217551,101.37124877313661
1101,133573880,,secondary,13.41240054725653,101.3754729709082,13.41213117535764,101.37999193446785
1103,133573880,,secondary,13.41261400791174,101.38458011359457,13.413149232833158,101.38915153783394
1104,133573880,,secondary,13.413149232833158,101.38915153783394,13.413417694982979,101.39375790778904
1105,133573880,,secondary,13.413417694982979,101.39375790778904,13.4127533161584,101.39810791273828
1106,133573880,,secondary,13.4127533161584,101.39810791273828,13.410084869810715,101.40183112097036
1119,133669283,,secondary,13.081606329822149,101.16290848536421,13.082719918628916,101.15844156803178
1121,133669283,,secondary,13.083930606014956,101.15423930213636,13.084360997461202,101.14967215457776
1127,133670311,,primary,13.093027599999997,101.1299486,13.092450099999999,101.1295869
1128,134987726,,tertiary,13.186011599999999,100.98568450000002,13.183970232170086,100.9897966881505
1135,142792899,,tertiary,13.038644299999996,101.0833546,13.03754457311859,101.08765685563249
1137,142792899,,tertiary,13.035379919903571,101.09166531951051,13.033619468650858,101.09589617059329
1142,142792899,,tertiary,13.023195402000802,101.11074946929799,13.020511555316325,101.11444974390773
1143,142792899,,tertiary,13.020511555316325,101.11444974390773,13.017599938985343,101.11797050538937
1151,142808291,บายพาสชลบุรี-พัท,tertiary,12.858061999999999,100.9143337,12.862237804138443,100.91257311327439
1152,142808291,บายพาสชลบุรี-พัท,tertiary,12.862237804138443,100.91257311327439,12.866413603392358,100.91081247662989
1153,142808291,บายพาสชลบุรี-พัท,tertiary,12.866413603392358,100.91081247662989,12.870595097006353,100.9090659016302
1158,142808291,บายพาสชลบุรี-พัท,tertiary,12.887321560367706,100.90208042738492,12.891504908945057,100.90033863556475
1161,142808291,บายพาสชลบุรี-พัท,tertiary,12.900448616049491,100.90025975486512,12.904941259371176,100.90075561084689
1166,142808291,บายพาสชลบุรี-พัท,tertiary,12.922921469861102,100.90264610276566,12.927397449049442,100.90326359288972
1188,143810277,,tertiary,13.316855740069547,101.46498120153053,13.31634350035013,101.46952740228515
1189,143810277,,tertiary,13.31634350035013,101.46952740228515,13.315178736266521,101.4739837359244
1195,145226828,,secondary,12.9471609,100.9366429,12.9456343,100.9376817
1200,145227173,,secondary,12.942930426299641,100.95068790049301,12.9440612,100.957392
1203,145284625,พัทยาสายหนึ่ง,tertiary,12.950908099999998,100.8874061,12.950826900000001,100.8872931
1211,145497958,พัทยา-ชลบุรี,trunk,12.944290099999995,100.9105645,12.944013599999996,100.9123846
1213,145498174,พัทยา-ชลบุรี,trunk,12.944774099999998,100.9072112,12.944539599999999,100.9089184
1219,146447446,จอมเทียนสายสอง,tertiary,12.88262206255059,100.88641439597966,12.886031512819574,100.88339137742229
1224,146447926,จอมเทียนสายสอง,tertiary,12.908217350657281,100.86885712511778,12.90373954418837,100.86947511245934
1228,146447926,จอมเทียนสายสอง,tertiary,12.89301151314639,100.87718673088756,12.888218999999996,100.8814215
1237,148473793,บ้านบึง,trunk,13.301922198892324,101.14339984589968,13.300616920574559,101.14781581724982
1239,148473793,บ้านบึง,trunk,13.299667956530529,101.15231864297166,13.298969136995332,101.15687632616137
1240,148473793,บ้านบึง,trunk,13.298969136995332,101.15687632616137,13.297516536247144,101.16121848112186
1255,148473801,บ้านบึง,trunk,13.323073355385679,101.09458901596668,13.325740902636014,101.090864999454
1262,148473801,บ้านบึง,trunk,13.3369014648682,101.06658074414374,13.337784853538563,101.06208292963713
1272,148473801,บ้านบึง,trunk,13.34745684999955,101.02181282217278,13.348465549868257,101.01731471363428
1273,148473801,บ้านบึง,trunk,13.348465549868257,101.01731471363428,13.349464479490063,101.01281441356137
1274,148473801,บ้านบึง,trunk,13.349464479490063,101.01281441356137,13.351233149366,101.00858141372022
1279,149322555,ถนนเลี่ยงเมืองชล,trunk,13.419541300000002,100.99719080000001,13.416815499999998,100.99819060000002
1282,149327681,ถนนบ้านเก่า,tertiary,13.451260969577323,101.00320632576442,13.452126132510646,101.00773740741388
1287,149327681,ถนนบ้านเก่า,tertiary,13.454976195813405,101.02583770020574,13.455757537215627,101.03038461647914
1288,149327681,ถนนบ้านเก่า,tertiary,13.455757537215627,101.03038461647914,13.45659248995512,101.03492171570328
1292,149327683,บ้านเก่า,tertiary,13.459860182809292,101.0524458922007,13.4610562,101.0589624
1294,149331742,ถนนสุขุมวิท,primary,13.40701387390992,100.98891876275064,13.411491228972977,100.9895254788044
1298,149356494,พัทยาเหนือ,primary,12.949273052102946,100.90090975157892,12.949966853565982,100.89635787670423
1302,149367432,พัทยาเหนือ,primary,12.95054162177972,100.89229132672654,12.950027172140308,100.8968683430806
1308,149558483,,tertiary,13.175205275455902,101.00815518944347,13.173208474429568,101.01229183096883
1317,149560953,,tertiary,13.148240990608022,100.96371647726436,13.146821111348048,100.9593390713712
1318,149560953,,tertiary,13.146821111348048,100.9593390713712,13.146303661263383,100.95480569115911
1321,149566106,,secondary,13.117594099999998,100.98018510000001,13.12014580562063,100.9839079394937
1324,149566106,,secondary,13.129056969041741,100.98493099780143,13.133573353400728,100.98507901825033
1330,149566106,,secondary,13.155985316809122,100.98704330175468,13.160295773087787,100.98842699963
1331,149566106,,secondary,13.160295773087787,100.98842699963,13.164606228201556,100.98981070880417
1332,149566106,,secondary,13.164606228201556,100.98981070880417,13.168916667589713,100.99119447650958
1340,150322985,,secondary,13.315503738016675,101.10733747426076,13.313094334404582,101.11123519398846
1342,150322985,,secondary,13.310564826997306,101.11505462361357,13.309276399999996,101.1182556
1343,150322988,,secondary,13.304989499999998,101.1327693,13.306385863878463,101.12838204965401
1359,150328332,,secondary,13.374331304891891,101.12176368517434,13.37884799324418,101.1218207975046
1367,150328332,,secondary,13.409081935842602,101.11414453625055,13.413382008886808,101.11272856992055
1372,150330149,,secondary,13.382798107945215,101.0100617095691,13.378707671187046,101.00811453457584
1373,150330149,,secondary,13.378707671187046,101.00811453457584,13.374843183087194,101.00588190706456
1386,153145963,ถนนเลี่ยงเมืองชล,trunk,13.340964803471612,100.99398192112685,13.3381443,100.992015
1390,153145967,ถนนเลี่ยงเมืองชล,trunk,13.363638650163452,101.01734681737712,13.368008346757527,101.01842620134275
1396,153748591,,tertiary,13.151276709613429,100.97470406619435,13.1565242,100.9713165
1397,153942130,ถนนสุขุมวิท,trunk,13.177527099999999,100.9315433,13.182045310646094,100.93161627449923
1400,153942130,ถนนสุขุมวิท,trunk,13.190600408780506,100.93402806260373,13.194616237066764,100.93613305599425
1401,153942130,ถนนสุขุมวิท,trunk,13.194616237066764,100.93613305599425,13.198475552719358,100.93853210250639
1430,154456464,,tertiary,13.272969699999999,100.9350325,13.272338636315453,100.93096237597638
1443,154463462,ถนนลงหาดบางแสน,secondary,13.286921403679226,100.9291910606863,13.28704269001304,100.9338030407082
1453,154652169,,tertiary,13.2780464811028,100.96984232230783,13.277968672414024,100.97441269911269
1454,154652169,,tertiary,13.277968672414024,100.97441269911269,13.276468875286835,100.97872987024934
1459,154652978,บางแสนสาย 1,tertiary,13.269300199999998,100.9234973,13.27338077404179,100.9215248499035
1465,154654912,บางแสนสาย 2,secondary,13.2940014,100.9103772,13.2915526,100.91232620000001
1471,154656508,,secondary,13.32995457274119,100.9227452490929,13.334253433419812,100.92396561922888
1477,154656508,,secondary,13.326348335666982,100.94092189291007,13.323114483793045,100.94414481300285
1478,154656508,,secondary,13.323114483793045,100.94414481300285,13.319889816251525,100.94737726939803
1481,154658238,,secondary,13.339721899999999,100.957178,13.341863335761133,100.96124058147596
1483,154658238,,secondary,13.344029068141381,100.96529060124685,13.346281947186938,100.96929058324928
1485,154658238,,secondary,13.348744046355426,100.97312158766512,13.35233804523065,100.97588436965822
1487,154658240,,secondary,13.357123,100.9784086,13.353066909647543,100.97637932405496
1492,154658240,,secondary,13.34221021613826,100.96212468742613,13.339637700000003,100.9572486
1496,154658241,,secondary,13.336959545497793,100.94747500012956,13.338125851295704,100.9519330876078
1502,154658242,,secondary,13.334684439252586,100.93927275999074,13.332816100000002,100.934494
1516,154659969,,secondary,13.3511893,100.9772971,13.3505516,100.97819110000002
1521,154661070,,tertiary,13.33630899379085,100.99818120379835,13.336493544635365,100.99501266403452
1525,154836166,,secondary,13.293787161754976,100.91630279984486,13.296280208472337,100.92015083339236
1533,154866745,ถนนสุขุมวิท,primary,13.385068199947577,100.98980576139606,13.381120549202775,100.99200773359429
1544,154867683,ถนนสุขุมวิท,primary,13.348480845119681,100.97909587763243,13.352277731015675,100.98159784396783
1549,154867683,ถนนสุขุมวิท,primary,13.367298620603949,100.9913888042184,13.3715974924928,100.99269374480102
1550,154867683,ถนนสุขุมวิท,primary,13.3715974924928,100.99269374480102,13.376095976430438,100.99305176358762
1560,154980657,,tertiary,13.4751525,101.0951499,13.479448070296577,101.09371818788382
1561,154980657,,tertiary,13.479448070296577,101.09371818788382,13.483743643940132,101.09228645199507
1565,154981728,,tertiary,13.45747739103665,101.04641332442449,13.454546800000001,101.0464263
1568,154981733,,tertiary,13.475724693409688,101.04649241561151,13.471209597043266,101.04632624539111
1571,154996367,,tertiary,13.4678821,101.1100176,13.466004726400067,101.1058333517542
1574,154996367,,tertiary,13.462808969768163,101.09782124536972,13.463386,101.0924399
1578,154996371,,tertiary,13.458856366616248,101.07260764712164,13.458102146109312,101.07715937473026
1581,154996371,,tertiary,13.459083835149235,101.08598724403512,13.461588870005697,101.0898176143185
1583,154996754,,tertiary,13.486274099999996,101.1486224,13.48743676975974,101.14439666868707
1584,154996754,,tertiary,13.48743676975974,101.14439666868707,13.487508402855596,101.14056255091621
1589,154996754,,tertiary,13.494154902048786,101.12445384228438,13.495728493916147,101.12012584609647
1601,154997346,,secondary,13.500879032791875,101.09864109844368,13.505346669899724,101.09933001312235
1606,154997346,,secondary,13.523362230755165,101.09990200133264,13.527878645238383,101.09984053407506
1607,154997346,,secondary,13.527878645238383,101.09984053407506,13.532295890655785,101.10077267535839
1609,154997346,,secondary,13.536640741804284,101.10203381881655,13.540919159983428,101.10351522677666
1610,154997346,,secondary,13.540919159983428,101.10351522677666,13.544403811524234,101.10643989028328
1614,154997346,,secondary,13.552989047899914,101.11642219401104,13.552858052249807,101.12094799084977
1617,154997348,,tertiary,13.471241585244346,101.10693044509,13.4745047,101.10392
1619,155112387,บ้านเก่า 5,tertiary,13.421397115790539,101.04124128804278,13.425747530606646,101.0400026767127
1620,155112387,บ้านเก่า 5,tertiary,13.425747530606646,101.0400026767127,13.429656776141842,101.0377063296459
1624,155112387,บ้านเก่า 5,tertiary,13.441252311189555,101.03053405976848,13.445313593003046,101.02851540772443
1631,155256950,บ้านเก่า - หนองตำล,tertiary,13.433076251200063,101.06209741147931,13.437407046823939,101.06078646142467
1635,155256950,บ้านเก่า - หนองตำล,tertiary,13.450678788855665,101.05883000199502,13.455191026246826,101.05906794498316
1639,155408504,,tertiary,13.445236640407213,101.04654583402484,13.440719047272909,101.04662360883191
1640,155408504,,tertiary,13.440719047272909,101.04662360883191,13.43620277958144,101.04676715124815
1653,155534577,,secondary,13.1236956,101.1641053,13.119868790492538,101.16623421892768
1654,155534577,,secondary,13.119868790492538,101.16623421892768,13.115352620329679,101.16634133220855
1655,155534577,,secondary,13.115352620329679,101.16634133220855,13.110196099999996,101.166412
1661,155534893,,secondary,13.101409889176253,101.16843893090204,13.097015203859154,101.16946835135876
1665,155534893,,secondary,13.083709985218714,101.16964400246839,13.079828730346165,101.17191471704463
1667,155534893,,secondary,13.077069443051899,101.17555635934845,13.07441504393693,101.17928592567111
1668,155534893,,secondary,13.07441504393693,101.17928592567111,13.072014100000004,101.1821493
1675,155541474,,tertiary,13.494379748591285,101.06263655999062,13.495311565874722,101.05886140355784
1676,155541474,,tertiary,13.495311565874722,101.05886140355784,13.492563349355066,101.05519773054769
1677,155541474,,tertiary,13.492563349355066,101.05519773054769,13.490527627532362,101.05109640255345
1683,155953815,,trunk,13.4049953,101.2818223,13.410938999999996,101.28196060000002
1684,155953818,,tertiary,13.487274,101.08921360000001,13.491570584837296,101.08778495623342
1692,155953818,,tertiary,13.52186822062685,101.07894308463382,13.526169224804068,101.07753921047834
1693,155953818,,tertiary,13.526169224804068,101.07753921047834,13.529956103752383,101.07504934041754
1695,155953818,,tertiary,13.533648861361655,101.07238828906864,13.537341644610473,101.06972722247515
1698,155953818,,tertiary,13.544727199361754,101.06440491504821,13.547711999999997,101.0621166
1701,155953909,,trunk,13.399733761395792,101.28173593436377,13.395297715871271,101.28087128580087
1704,155953909,,trunk,13.386448513006247,101.27902505845947,13.382044549782464,101.27799784879865
1706,155955870,,trunk,13.3754039,101.2761753,13.3758708,101.27628400000002
1717,155955882,,tertiary,13.33119814220786,101.34676362220938,13.332750484321332,101.34258067593952
1718,155955882,,tertiary,13.332750484321332,101.34258067593952,13.335613245098816,101.33902873152479
1719,155955882,,tertiary,13.335613245098816,101.33902873152479,13.338399848648066,101.33540259374432
1725,155955882,,tertiary,13.345146997584225,101.31466018818878,13.34701219832998,101.31051299350987
1736,155955887,,trunk,13.38026529964255,101.27735129740688,13.38465904811061,101.27842381892158
1737,155955887,,trunk,13.38465904811061,101.27842381892158,13.389077170296982,101.2793876839593
1768,155957763,,trunk,13.483189396039759,101.27982596863203,13.479197449715867,101.28198747717474
1772,155957763,,trunk,13.46621265752993,101.28435130605281,13.461700009386165,101.2841380015525
1778,155957763,,trunk,13.439127180242174,101.28326742729685,13.434612607682002,101.28309334137155
1780,155957763,,trunk,13.430098032474627,101.28291927603867,13.425583502186242,101.28274397236429
1781,155957763,,trunk,13.425583502186242,101.28274397236429,13.42106922192486,101.28256200098565
1784,155957765,,trunk,13.411648599999998,101.2819889,13.41616297405479,101.28216854599934
1792,155957765,,trunk,13.447764658994164,101.2833961880648,13.45227925366104,101.2835695417792
1805,155957765,,trunk,13.503408310554581,101.27053802829504,13.507764859015769,101.26931553727943
1810,155957765,,trunk,13.525175071597111,101.264366974212,13.529538355371564,101.26317186783919
1811,155957765,,trunk,13.529538355371564,101.26317186783919,13.534033353404483,101.26284233009255
1815,155957766,,trunk,13.410938999999996,101.28196060000002,13.411648599999998,101.2819889
1826,155957769,,tertiary,13.41063481833977,101.2653057710373,13.408984962680123,101.26930742230562
1828,155957769,,tertiary,13.408310776849529,101.27358050871862,13.407404763924553,101.27799284843051
1832,155957776,,tertiary,13.460373200000001,101.3116318,13.459647536840643,101.30725628732243
1836,155957776,,tertiary,13.460204595363962,101.29435541601681,13.461720354712982,101.29012887841347
1852,155958697,,tertiary,13.485893710066524,101.27407857672505,13.485495900000002,101.2781092
1859,155958717,,tertiary,13.489858042263801,101.29892014746807,13.487700301742478,101.2952374255849
1869,155961142,,tertiary,13.536299451610615,101.23236058308665,13.53697990471298,101.23692031192657
1877,155961160,,tertiary,13.5167148,101.2029968,13.515795905747522,101.20734468882796
1880,155961160,,tertiary,13.518080191824302,101.21547674741446,13.518318241385192,101.21909053856865
1882,155961160,,tertiary,13.519206770702729,101.22356284477682,13.520200051621309,101.22800799286512
1883,155961160,,tertiary,13.520200051621309,101.22800799286512,13.521065945801032,101.23253955898743
1888,155961160,,tertiary,13.522159405847875,101.2503813840838,13.522579133631533,101.25494934430073
1891,156008035,,tertiary,13.501589999999998,101.3226825,13.499826899999999,101.3236428
1894,156138097,,tertiary,13.364283916807544,101.32765943553727,13.361069476774935,101.3272425695915
1895,156138097,,tertiary,13.361069476774935,101.3272425695915,13.35681422904044,101.32879141632422
1900,156138098,,tertiary,13.323091793350232,101.35795026234294,13.318779962028579,101.35666164849917
1901,156138098,,tertiary,13.318779962028579,101.35666164849917,13.314561524579947,101.35501222442633
1904,156138098,,tertiary,13.305886180608004,101.3529455820037,13.301776499999999,101.3508407
1910,156140605,,tertiary,13.4776683699125,101.30450251551656,13.477675905024286,101.3090641005642
1911,156140605,,tertiary,13.477675905024286,101.3090641005642,13.476291889346628,101.31338835380109
1912,156140605,,tertiary,13.476291889346628,101.31338835380109,13.475335829782964,101.3178511729578
1920,156140605,,tertiary,13.473859037465566,101.34920265996516,13.4716207,101.3541019
1923,156146385,,tertiary,13.456823799999999,101.2131448,13.455257671430363,101.20897202659319
1936,156146392,,tertiary,13.55756940455771,101.24775198094987,13.560433793813207,101.24418182961983
1940,156146392,,tertiary,13.565109107206956,101.23125644172167,13.56734814087812,101.22727211252047
1941,156146392,,tertiary,13.56734814087812,101.22727211252047,13.568115010867022,101.22274865003357
1943,156146392,,tertiary,13.567082403472847,101.21828112807992,13.563773951092283,101.21572909024196
1945,156146392,,tertiary,13.559279818137279,101.21526552861484,13.555484302666077,101.21363564550653
1948,156146392,,tertiary,13.550737522260825,101.20792525361377,13.54638448150291,101.20884919133266
1954,156146392,,tertiary,13.52543016302874,101.20979936630367,13.522432614462168,101.20707915963557
1956,156146392,,tertiary,13.519748576633763,101.20338334442802,13.515845336474541,101.20326905532957
1959,156146392,,tertiary,13.507546672680094,101.20671218512925,13.503469647067098,101.20863922763432
1962,156146392,,tertiary,13.494865353151457,101.21095868479989,13.49065642560803,101.21263509634194
1966,156146392,,tertiary,13.47791556853822,101.21639089715504,13.474353685502372,101.21361885778876
1967,156146392,,tertiary,13.474353685502372,101.21361885778876,13.47077527006403,101.21085427560374
1981,156147148,,tertiary,13.457875674745639,101.2559158480143,13.453371063533098,101.25617534525728
2013,156151918,,tertiary,13.461193305431125,101.26213126808754,13.462218244630412,101.25763751730871
2017,156283123,,secondary,13.567190182830412,101.1407450888101,13.568924703954757,101.14498729611707
2021,156283123,,secondary,13.57602027012013,101.15678706636163,13.579214499999999,101.162308
2023,156283124,,tertiary,13.578482590721395,101.16671857810462,13.576046244021509,101.17060809014438
2029,156283124,,tertiary,13.563718675813801,101.18994623047831,13.561101504915275,101.1937101809705
2037,156285535,,tertiary,13.51265838311113,101.11701143776095,13.511552185037226,101.1126927450586
2038,156285535,,tertiary,13.511552185037226,101.1126927450586,13.512268697008139,101.10814717367339
2046,157088188,,secondary,13.085217900000002,101.2733586,13.088377829210701,101.27665264647075
2054,157088188,,secondary,13.111354159020184,101.29826119872982,13.115183949619814,101.30070397626771
2060,157088188,,secondary,13.128362896653012,101.31881726820353,13.129612882409447,101.32321485438887
2069,157094378,,tertiary,13.23071486661896,101.53599361600617,13.226903523097933,101.53845128875258
2073,157094378,,tertiary,13.213915101553914,101.54084728366279,13.20943160681052,101.54028640283238
2076,157094378,,tertiary,13.200442484093683,101.54034854950154,13.195931928553549,101.54059567922658
2077,157094378,,tertiary,13.195931928553549,101.54059567922658,13.191490141240392,101.54141955030956
2079,157094378,,tertiary,13.187396657886225,101.54300814596479,13.183011707294835,101.54340616383574
2081,157094380,,tertiary,13.134639300000002,101.5445012,13.139155832676352,101.54443779831651
2089,157094380,,tertiary,13.170756604968982,101.54415830866516,13.175226356352109,101.54349299304502
2092,157094380,,tertiary,13.181089471160552,101.53815338976581,13.18418804806932,101.53529300357668
2098,157094380,,tertiary,13.197419871889855,101.52310526711959,13.200032896720568,101.5196674253165
2100,157094380,,tertiary,13.203198363240574,101.51704566871662,13.207665607388673,101.51636648214232
2102,157094380,,tertiary,13.211788693823896,101.5145677028119,13.216156125110961,101.5133905843592
2105,157094380,,tertiary,13.222336620658487,101.50695818019832,13.22363520452968,101.50265730172131
2109,157094380,,tertiary,13.232068133228049,101.49296378915064,13.235688670857439,101.49020647644355
2110,157094380,,tertiary,13.235688670857439,101.49020647644355,13.239315288152477,101.48745741564645
2112,157094380,,tertiary,13.243388768958125,101.48572077527483,13.247770062069712,101.4847624714203
2118,157094380,,tertiary,13.264367885597398,101.4705389685689,13.266024855950809,101.46626468773039
2119,157094380,,tertiary,13.266024855950809,101.46626468773039,13.268169715183811,101.46221080945791
2124,157094380,,tertiary,13.281316518937953,101.45117747202598,13.2822137,101.4489013
2132,157364362,,primary,13.4618785,101.1729164,13.466265514496671,101.1718132637549
2137,157364362,,primary,13.483812803675479,101.16739750198101,13.488204327266999,101.16631243297388
2138,157364362,,primary,13.488204327266999,101.16631243297388,13.49259437450721,101.16522125177407
2139,157364362,,primary,13.49259437450721,101.16522125177407,13.496745998756161,101.1634777531557
2140,157364362,,primary,13.496745998756161,101.1634777531557,13.500734779928536,101.16131200633592
2141,157364362,,primary,13.500734779928536,101.16131200633592,13.504711575281082,101.15912089017304
2149,159215619,,tertiary,13.143184174512754,101.29162033498015,13.138771783453294,101.29260705608338
2150,159215619,,tertiary,13.138771783453294,101.29260705608338,13.13433578672301,101.29344981227607
2152,159215619,,tertiary,13.129974646176352,101.29462725506095,13.125598162875052,101.2957626107963
2157,159215619,,tertiary,13.110728986362787,101.28612211260236,13.106316026820222,101.28570030607351
2158,159215619,,tertiary,13.106316026820222,101.28570030607351,13.101801540720588,101.28577478217478
2161,159216817,,tertiary,13.283452470809873,101.29333002374032,13.279460291478522,101.29545252194683
2165,159216817,,tertiary,13.271633638594986,101.30643364752763,13.269667307138567,101.31058454315095
2166,159216817,,tertiary,13.269667307138567,101.31058454315095,13.266128468243714,101.31315446486619
2178,159216817,,tertiary,13.231915835355847,101.34630533288515,13.228379417106487,101.34916210647731
2180,159216817,,tertiary,13.223928477950103,101.34987660355802,13.219638763100436,101.35126046644133
2192,159216817,,tertiary,13.1774796532053,101.37672688853458,13.173518720437214,101.37858871665655
2210,159276880,,tertiary,13.082809203479478,101.19978163157886,13.084985719204466,101.19574791370732
2220,159276880,,tertiary,13.065628930111185,101.16148692803255,13.064196602908373,101.15714393467631
2223,159276880,,tertiary,13.065337527230026,101.14808297927026,13.066089665183199,101.14353837910602
2236,159630070,,secondary,13.084138474805675,101.1526420337589,13.083595414059554,101.1571440589535
2237,159630070,,secondary,13.083595414059554,101.1571440589535,13.082069296833511,101.1613575647457
2238,159630070,,secondary,13.082069296833511,101.1613575647457,13.081013111002981,101.16583900251791
2239,159630070,,secondary,13.081013111002981,101.16583900251791,13.079992699999996,101.1717597
2241,159993161,,tertiary,13.120243849215194,101.58569646032127,13.12460019388807,101.58459015917657
2245,159993161,,tertiary,13.13317551251581,101.58987650284031,13.135111628851389,101.59403594975964
2257,161202292,,tertiary,13.202177463643638,101.60984414285949,13.201049243226263,101.61403719712489
2269,161202292,,tertiary,13.220068743935734,101.64718011934089,13.223962213539794,101.64762846123935
2270,161202292,,tertiary,13.223962213539794,101.64762846123935,13.226428286969334,101.64408790790334
2272,161202292,,tertiary,13.229132501888849,101.64056594222616,13.230712990761472,101.63676975142876
2276,161202292,,tertiary,13.243678954758755,101.63544191650199,13.246194531568772,101.6321549043731
2279,161202292,,tertiary,13.251531439848831,101.62551643141923,13.255189052505639,101.623369587716
2290,164067921,แหลมทอง,tertiary,13.089866447819883,100.9209351482448,13.087942800000002,100.9171863
2292,164454189,,secondary,13.158323291130863,100.95199756779857,13.157096091628308,100.95643542254716
2293,164454189,,secondary,13.157096091628308,100.95643542254716,13.155703066527565,100.9608127993826
2295,164454189,,secondary,13.15520835622468,100.96539337070163,13.1563781764341,100.96978942950902
2296,164454189,,secondary,13.1563781764341,100.96978942950902,13.15625914162646,100.97436783289444
2306,164455786,,tertiary,13.23205106917779,101.12026095838172,13.23124420338304,101.1157261393206
2308,164455786,,tertiary,13.229593355748934,101.11173638875962,13.226902664343584,101.10803127655323
2309,164455786,,tertiary,13.226902664343584,101.10803127655323,13.224107964548878,101.10443273891708
2310,164455786,,tertiary,13.224107964548878,101.10443273891708,13.220613841683793,101.10153852523837
2312,164455786,,tertiary,13.217576922551782,101.09812453001682,13.214382976835509,101.09493426445539
2313,164455786,,tertiary,13.214382976835509,101.09493426445539,13.210027223938864,101.09370903664471
2315,164455786,,tertiary,13.20566716344159,101.09249886227062,13.201309138667431,101.09128112002239
2316,164455786,,tertiary,13.201309138667431,101.09128112002239,13.19697867801294,101.08998196088338
2319,164455786,,tertiary,13.190948063145882,101.08329024555329,13.188380520985302,101.07951049232534
2336,166625970,,tertiary,13.308363267159903,101.58998506917041,13.309390451006136,101.59436186069244
2340,166627005,,tertiary,13.178958302716634,101.41398312402181,13.175469678438347,101.41671929533618
2354,167031509,,tertiary,13.102624115254935,101.25216627759467,13.09858563669342,101.25422663812559
2360,167032195,,tertiary,13.3155894,101.4584648,13.319609547050547,101.46049865137263
2361,167032195,,tertiary,13.319609547050547,101.46049865137263,13.324864399999997,101.4639309
2363,167034156,,tertiary,13.134545508625738,101.54910740793412,13.134837762552042,101.55369889865351
2373,167034156,,tertiary,13.11988865458925,101.5822997798205,13.122711299999999,101.5848457
2380,168155310,,tertiary,13.195054782728482,101.45668436067162,13.1989116,101.460398
2381,169244325,,tertiary,13.281946799999998,101.2036211,13.285382955887712,101.20618104311136
2383,169244325,,tertiary,13.289883358929215,101.20658675129299,13.293293,101.2069133
2400,169250046,,tertiary,13.133565594885344,101.22898078999269,13.131964120946234,101.23329134893169
2402,169250046,,tertiary,13.129589810190748,101.23716514174103,13.13137190553956,101.24135107806752
2403,169250046,,tertiary,13.13137190553956,101.24135107806752,13.134927688763831,101.2430752558531
2407,169250046,,tertiary,13.148299688065189,101.24518507697682,13.152757102186614,101.24585401542305
2408,169250046,,tertiary,13.152757102186614,101.24585401542305,13.156079477307902,101.24296113904171
2419,169615797,,tertiary,12.713660399999998,101.0012726,12.716913485140383,101.0044655666785
2425,169615797,,tertiary,12.737538948341985,101.01272610579642,12.742046321896417,101.01301764879797
2427,169615797,,tertiary,12.7465276527031,101.01360639425133,12.751016702861337,101.01377137141628
2430,169615797,,tertiary,12.758557935187925,101.01818749768117,12.761550999999997,101.0205517
2431,170714873,,tertiary,13.026824899999998,100.9571246,13.030237844263004,100.95692332802685
2434,170714873,,tertiary,13.037676905956308,100.95993701675032,13.041895922831262,100.96125746985153
2438,170714873,,tertiary,13.047706591354956,100.97262223343589,13.049557595300831,100.97665125594628
2439,170714873,,tertiary,13.049557595300831,100.97665125594628,13.052447228883324,100.98017603517042
2443,173734521,,trunk,12.968618066328386,100.97535488646484,12.971063697609972,100.97148116784854
2450,173734521,,trunk,12.985934866352192,100.94836461122969,12.988408571316107,100.9445084343085
2452,173734521,,trunk,12.99091308618682,100.9406728608664,12.993954538784996,100.9373012877141
2455,173880071,เทพประสิทธิ์,tertiary,12.909126800000001,100.8960595,12.908961990481016,100.89145596188081
2466,173882901,พัทยาใต้,tertiary,12.922958105447567,100.88382597601029,12.924003639735961,100.8793970803691
2471,174262325,,trunk,12.996136655908797,100.93586505333504,12.992674116810658,100.93881671845082
2472,174262325,,trunk,12.992674116810658,100.93881671845082,12.990024118160393,100.94253439663538
2475,174262325,,trunk,12.985060019087154,100.9502357323661,12.982589612621856,100.95409407402212
2481,174262325,,trunk,12.970164503985362,100.97333517319076,12.967695707510005,100.97719384413041
2486,174470648,,tertiary,13.09182745988428,100.8921495802858,13.095007978743146,100.89407312086563
2491,174470648,,tertiary,13.10301571834607,100.91057634684789,13.103980500000002,100.9152322
2495,176114620,ถนนเลี่ยงเมืองชล,trunk,13.3315053,100.9861124,13.331516586344014,100.9815612481158
2496,176114620,ถนนเลี่ยงเมืองชล,trunk,13.331516586344014,100.9815612481158,13.332241385112344,100.97700681181429
2499,176114992,ถนนเลี่ยงเมืองชล,trunk,13.331553799999998,100.98560170000002,13.334821026765526,100.98851838949935
2500,176114992,ถนนเลี่ยงเมืองชล,trunk,13.334821026765526,100.98851838949935,13.3380697,100.9917285
2501,176115909,,tertiary,13.088363599999996,100.9875146,13.088388999999996,100.9893799
2502,176115912,,tertiary,13.088363599999996,100.9875146,13.088665210223937,100.98294832594148
2512,176124967,,tertiary,13.086784,100.9945117,13.082821242108603,100.99640924792642
2516,176124967,,tertiary,13.074059683296753,101.00306659353359,13.073698035628983,101.00752173606881
2517,176124967,,tertiary,13.073698035628983,101.00752173606881,13.073997120740255,101.01207291278725
2518,176124967,,tertiary,13.073997120740255,101.01207291278725,13.0750937189628,101.01653133791676
2519,176124967,,tertiary,13.0750937189628,101.01653133791676,13.075297568931314,101.02102315599817
2521,176124967,,tertiary,13.072924855347045,101.02492966487101,13.070097824048043,101.02847525842434
2525,176124967,,tertiary,13.065771043769393,101.03866121053127,13.062027607844401,101.04101645025102
2527,176124967,,tertiary,13.059549193487895,101.04486900702089,13.057311088915453,101.04883821061303
2530,176124967,,tertiary,13.056395726747672,101.05800823638596,13.05372757815051,101.06154810798478
2532,176124967,,tertiary,13.050738022875896,101.06483783916421,13.048827398473652,101.06895404030752
2534,176124967,,tertiary,13.046161947075896,101.07267553916824,13.043485944617858,101.07638910568839
2538,176124970,,tertiary,13.0881646,100.9929842,13.086784,100.9945117
2539,176161029,ถนนเลี่ยงเมืองชล,trunk,13.3846142,101.01718470000002,13.38088658358498,101.01976390164126
2543,176161029,ถนนเลี่ยงเมืองชล,trunk,13.367536672713031,101.01848296856937,13.363203835976783,101.01728568714739
2553,176161033,ถนนเลี่ยงเมืองชล,trunk,13.40368952947317,101.00294254683612,13.40781379637762,101.00108596925874
2561,176167746,ถนนสุขุมวิท,trunk,13.462820300000002,100.9959195,13.458376740428042,100.99672843453574
2566,176167746,ถนนสุขุมวิท,trunk,13.44071301558407,101.00064102183826,13.436297361658298,101.00162070434517
2580,177683327,หนองกระบอก,tertiary,12.900243834638683,100.9086856619167,12.898912722407555,100.91306906221706
2592,177848727,บ้านบึง,trunk,13.26369462673916,101.19657406365657,13.267191731501166,101.19365537100698
2606,177848728,,trunk,13.19251178231122,101.24742365360578,13.189725144534119,101.25105305677698
2610,177848728,,trunk,13.181391716963114,101.26196208066774,13.178614334568476,101.26559865119057
2617,177848728,,trunk,13.161596538944822,101.28708200068168,13.160446871067911,101.29153455627299
2622,177848728,,trunk,13.15668556495241,101.30957126811418,13.155739825073802,101.31407922105436
2623,177848728,,trunk,13.155739825073802,101.31407922105436,13.154803134269438,101.3185891170909
2624,177848728,,trunk,13.154803134269438,101.3185891170909,13.153610163260135,101.32302845267273
2625,177848728,,trunk,13.153610163260135,101.32302845267273,13.15143904183462,101.32705636279763
2634,177848728,,trunk,13.129283569992113,101.35618097152971,13.126417019985892,101.359743627091
2636,177848728,,trunk,13.123550434030333,101.36330619707495,13.120698851517943,101.36688108148128
2644,177848728,,trunk,13.097115024460656,101.38828570266602,13.093699892387898,101.39130251499942
2668,177849624,,tertiary,13.328939077116788,101.46817844636453,13.33051189799428,101.47250267465981
2675,177849624,,tertiary,13.347590947300457,101.49324041457642,13.35183685077545,101.49478970922934
2682,177849624,,tertiary,13.36225045387112,101.51561951008928,13.366125151200633,101.51794100986758
2685,177849624,,tertiary,13.367258181375673,101.52546952314462,13.368941057115688,101.52974660418403
2691,177849632,,tertiary,13.358556699999998,101.5018394,13.36154186081479,101.50026895561695
2697,177849632,,tertiary,13.37118419080822,101.48637569277388,13.374766177972342,101.4840324441051
2700,177849632,,tertiary,13.3700859249151,101.47637320229377,13.366614699999996,101.4707132
2703,177930805,,tertiary,13.310606513611832,101.2459250277449,13.309504992984957,101.25038206843531
2706,177930805,,tertiary,13.30573984231785,101.25866897156091,13.301165399999997,101.2620541
2707,177931637,,tertiary,13.008201100000003,101.0663226,13.010229098541705,101.06288165224865
2709,177931637,,tertiary,13.013351744671846,101.0597723581205,13.01640206965463,101.05693286415274
2720,177931637,,tertiary,13.006368193173074,101.0176290014264,13.00297806167745,101.01525430197546
2726,177931637,,tertiary,12.997309601174496,100.99647811717999,12.997455300000002,100.9918379
2729,177931638,,tertiary,13.027929487493669,101.06266730719118,13.02901466916666,101.0582370001158
2741,177931638,,tertiary,13.048063514590345,101.01601747438701,13.048413682411379,101.01156496232579
2743,177931638,,tertiary,13.048706088575601,101.00700959775108,13.0505713,101.000515
2746,178333948,,tertiary,13.051196300000003,100.99819060000002,13.0511519,100.99866360000001
2751,178337735,,tertiary,13.057786065592044,100.98445216805425,13.058291819232808,100.98001681451473
2752,178337735,,tertiary,13.058291819232808,100.98001681451473,13.058104450416065,100.97543050052751
2754,178337735,,tertiary,13.058280588974716,100.97082548946527,13.059880223347774,100.96675136103623
2757,178337745,,tertiary,13.053335799999996,100.9920802,13.052056600000004,100.9940981
2774,180042571,,secondary,13.306086732168941,101.33965087634563,13.30441962715553,101.3439381285387
2776,180042571,,secondary,13.302751022728328,101.34822472972758,13.301146410810272,101.35253666385924
2785,180042571,,secondary,13.289117139282554,101.38732909859678,13.28772803992377,101.39171677134102
2787,180042571,,secondary,13.286599362668298,101.39617895246754,13.285699591841777,101.40069881832036
2792,180042571,,secondary,13.283107972615106,101.41894428078866,13.282204069089133,101.42337963476155
2798,180042577,,secondary,13.289978484070073,101.26761687967723,13.291897652066842,101.27179277473819
2813,180042577,,secondary,13.28275981266645,101.32762957219987,13.283644122234362,101.33213574767221
2814,180042577,,secondary,13.283644122234362,101.33213574767221,13.28260454405237,101.33662209693456
2815,180042577,,secondary,13.28260454405237,101.33662209693456,13.281400516301181,101.341046287799
2824,180042577,,secondary,13.263102416707266,101.37074169519512,13.260749062551135,101.37467179224404
2829,180042577,,secondary,13.260205029652274,101.39230916187643,13.257909856889013,101.39626390319431
2831,180042577,,secondary,13.255276842365406,101.40000650505635,13.251381148612316,101.402305421695
2832,180042577,,secondary,13.251381148612316,101.402305421695,13.247317758809896,101.40430655465372
2835,180042577,,secondary,13.23927679537851,101.40766784444618,13.23736123980571,101.41162519353203
2837,180042577,,secondary,13.233924168910907,101.41461410750463,13.232497044791076,101.41886655563117
2851,180042577,,secondary,13.197191006543225,101.4614389172172,13.193164160110248,101.46347162007126
2858,180042577,,secondary,13.174484055667163,101.46918453724881,13.173139352604759,101.47240580801954
2866,180045127,,trunk,13.3753546,101.2763693,13.370938926942287,101.27539394953334
2879,180045127,,trunk,13.31752405890804,101.26807750175361,13.313268268778597,101.26652958002774
2883,180045127,,trunk,13.300446623772169,101.26204334621383,13.29618829152247,101.26050388937864
2884,180045127,,trunk,13.29618829152247,101.26050388937864,13.291896991162208,101.25907161223164
2885,180045127,,trunk,13.291896991162208,101.25907161223164,13.287627671782275,101.2575724446159
2891,180045127,,trunk,13.266308631502024,101.24995275300815,13.262029850529764,101.24847278332551
2901,180600305,ถนนสุขุมวิท,trunk,12.702422499999997,101.0102288,12.700604911206664,101.00601494644751
2902,180600305,ถนนสุขุมวิท,trunk,12.700604911206664,101.00601494644751,12.698795704684361,101.00179733237242
2914,180600305,ถนนสุขุมวิท,trunk,12.675265411083078,100.95842120721278,12.671677886337337,100.95562280031169
2918,180600305,ถนนสุขุมวิท,trunk,12.66645124970054,100.9439526622748,12.666118979080748,100.93936349781816
2924,180600305,ถนนสุขุมวิท,trunk,12.668014997827141,100.91673098768764,12.669173736132102,100.9122826080346
2934,180600305,ถนนสุขุมวิท,trunk,12.69672933275605,100.89099356542565,12.70118140556831,100.8902037339291
2935,180600305,ถนนสุขุมวิท,trunk,12.70118140556831,100.8902037339291,12.705634333651597,100.88941928799827
2936,180600305,ถนนสุขุมวิท,trunk,12.705634333651597,100.88941928799827,12.71008405027185,100.88861618377365
2938,180600305,ถนนสุขุมวิท,trunk,12.714538565236552,100.88784121791107,12.718998716225245,100.88711240254692
2939,180600305,ถนนสุขุมวิท,trunk,12.718998716225245,100.88711240254692,12.723458075708502,100.88760287892369
2940,180600305,ถนนสุขุมวิท,trunk,12.723458075708502,100.88760287892369,12.727636406923567,100.8893392913196
2941,180600305,ถนนสุขุมวิท,trunk,12.727636406923567,100.8893392913196,12.731758384831613,100.891225755333
2944,180600305,ถนนสุขุมวิท,trunk,12.740055790527045,100.89485406364822,12.744168325821736,100.89676210899762
2948,180600305,ถนนสุขุมวิท,trunk,12.756560514523489,100.90236186654239,12.760703232581436,100.90420080089989
2953,180600305,ถนนสุขุมวิท,trunk,12.777229661429622,100.9116608501104,12.7813737419923,100.91349678673386
2961,180600305,ถนนสุขุมวิท,trunk,12.812143139167794,100.91673773109224,12.81665578130944,100.9164996200219
2963,180600305,ถนนสุขุมวิท,trunk,12.82117031815062,100.91629811011565,12.82558775725142,100.91539301376807
2966,180600305,ถนนสุขุมวิท,trunk,12.834327121365929,100.91304827834864,12.838686419370557,100.9118366145657
2969,180600305,ถนนสุขุมวิท,trunk,12.84742775151014,100.90950765229783,12.851849370761702,100.90867545629347
2972,180800077,ชัยพรวิถี 25,tertiary,12.947053764688281,100.94809572597858,12.9507282,100.9508506
2979,180800705,,secondary,12.943428046576667,100.97340471782694,12.944720820267168,100.97734258104882
2981,180800705,,secondary,12.948536382783253,100.97980883509845,12.952278970118725,100.98227539609817
2984,180804768,,secondary,12.966121706834262,100.91488168999311,12.964256619752115,100.91897334092582
2986,180804768,,secondary,12.961353728456077,100.92246419426424,12.957955308813537,100.92546006345263
2990,180858947,,secondary,13.4912668,101.275674,13.487276283663794,101.27783835905423
2992,180858947,,secondary,13.48328496797959,101.28000113010188,13.479294368920185,101.28216523296456
2993,180858947,,secondary,13.479294368920185,101.28216523296456,13.475269825854483,101.28425358261897
2997,180858948,,secondary,13.478563908360982,101.2818836172496,13.482555875696033,101.27972215389144
3001,181064045,,secondary,13.112359799999997,100.9865208,13.107922043401906,100.98738887882006
3008,181064045,,secondary,13.08135886701453,100.99292444608636,13.076923064846408,100.99380290386803
3010,181064045,,secondary,13.072488093699212,100.99468335868123,13.068053718992743,100.99556972788031
3019,181064045,,secondary,13.03196774890475,100.99658477225243,13.027449290970678,100.99662691751404
3021,181064045,,secondary,13.022930720461307,100.99666517325777,13.018412099413695,100.9966812709398
3026,181064045,,secondary,13.000876610320224,100.99305301755852,12.996610453757553,100.9915350418705
3030,181064045,,secondary,12.983805587849734,100.98699825657997,12.979537899115012,100.98548369936107
3031,181064045,,secondary,12.979537899115012,100.98548369936107,12.9755318,100.98406180000002
3036,181421917,,tertiary,13.341480942791893,101.06714651392963,13.344751592919966,101.06485291246095
3042,181421917,,tertiary,13.366314695825656,101.05852459597952,13.37028542102147,101.05647252219585
3049,181421917,,tertiary,13.396623000848662,101.05019667597323,13.400888882302004,101.04869409993591
3051,181421917,,tertiary,13.405291296270944,101.0479317456187,13.407590600000002,101.047879
3052,181423683,,tertiary,13.3750251,101.0428846,13.370723396677047,101.0414722772358
3053,181423683,,tertiary,13.370723396677047,101.0414722772358,13.366404611982952,101.04011584677286
3062,181733919,,secondary,12.7285853,100.8913316,12.7287088,100.8909245
3080,181737961,ถนนสุขุมวิท,trunk,12.88178665205802,100.8984699733663,12.877628872657981,100.900272804195
3082,181737961,ถนนสุขุมวิท,trunk,12.873476726599911,100.90209074495353,12.869314284587837,100.90388359027813
3085,181737961,ถนนสุขุมวิท,trunk,12.860990658710861,100.90747201876046,12.856785511402386,100.90913423929996
3086,181737961,ถนนสุขุมวิท,trunk,12.856785511402386,100.90913423929996,12.8543579,100.9092317
3092,182998533,,tertiary,13.141257344032892,101.30304773256836,13.142019766567278,101.29851893997161
3093,182998533,,tertiary,13.142019766567278,101.29851893997161,13.1421006,101.2948362
3095,183548353,,tertiary,12.70662048902977,100.96487854464075,12.705066094301925,100.9607495414623
3101,183548353,,tertiary,12.687882625250934,100.95242054484086,12.683610015772363,100.95092185996269
3104,183548353,,tertiary,12.674916481946672,100.95216962343237,12.670965891401066,100.95029148030338
3116,187956659,,secondary,13.266708707576036,100.94200884620811,13.271136215634078,100.94292957002587
3127,189647425,ถนนพัฒนาการ,tertiary,12.902457512385858,100.92252145373202,12.906874569132071,100.92332972277912
3134,193633859,พัทยากลาง,tertiary,12.936404699999999,100.8871933,12.936664500000001,100.8864615
3135,193633860,พัทยากลาง,tertiary,12.936664500000001,100.8864615,12.9376617,100.8835898
3137,193865916,,tertiary,13.215315758791215,101.04881455838563,13.21446423940341,101.04440601509931
3138,193865916,,tertiary,13.21446423940341,101.04440601509931,13.21205986540885,101.04061048669203
3142,193865916,,tertiary,13.209923776524393,101.02797956224856,13.21058130006709,101.02357639130665
3143,193865916,,tertiary,13.21058130006709,101.02357639130665,13.20702430603213,101.02107861060139
3147,195519204,,tertiary,13.2993097,101.438477,13.299098193087586,101.443060742074
3153,195519204,,tertiary,13.292455868980047,101.46302592110237,13.291728622836075,101.46756289620221
3155,195519204,,tertiary,13.290906117782018,101.47209739943413,13.289294020730958,101.47636108871107
3163,195519204,,tertiary,13.277040655739706,101.50415688828386,13.2740704989128,101.50738602205276
3166,195519204,,tertiary,13.27225338872493,101.51608174212002,13.271082604737657,101.52053575680111
3167,195519204,,tertiary,13.271082604737657,101.52053575680111,13.269648062892948,101.52490521833332
3171,195519204,,tertiary,13.262785375530799,101.5365633479669,13.261231762140124,101.54072529885069
3174,195519204,,tertiary,13.263964679777029,101.54897249790226,13.261871052825898,101.55275447794503
3177,195519204,,tertiary,13.2582507518818,101.56069908431711,13.256676300000004,101.5626754
3181,196961217,ทุงกลม-ตาลหมัน 29,tertiary,12.891777948393788,100.96874885059736,12.890350165500886,100.96452355401665
3182,196961217,ทุงกลม-ตาลหมัน 29,tertiary,12.890350165500886,100.96452355401665,12.89020356515014,100.96058118851893
3192,197144468,,secondary,13.308128899407414,100.90999718819583,13.311177905145621,100.91340271232937
3200,197145999,ถนนสุขุมวิท,trunk,13.0785694,100.92012220000001,13.074245644135859,100.92146134366428
3206,197309348,,secondary,13.297250610633203,100.92834258495228,13.296910403994547,100.92374182577664
3210,197481720,,tertiary,13.3233286,101.0155827,13.3246915,101.0130644
3212,197481721,,tertiary,13.326984435331804,101.0090946473253,13.329693110770627,101.00540995075178
3218,197481726,,tertiary,13.333080121074403,101.03470583976402,13.337476220314706,101.03497264124934
3222,197481729,,tertiary,13.330666762532683,100.99757479157209,13.326612815322115,100.99949866216315
3237,197481738,,tertiary,13.317613319340333,101.01330480382212,13.318778700000005,101.0110035
3240,197881372,ถนนสุขุมวิท,trunk,13.117665800000001,100.91682340000001,13.122171293906588,100.91716212830745
3241,197881372,ถนนสุขุมวิท,trunk,13.122171293906588,100.91716212830745,13.126678387867658,100.9174900277797
3245,197881372,ถนนสุขุมวิท,trunk,13.139338862520246,100.91487742316917,13.1437455006827,100.9150549122061
3246,197881372,ถนนสุขุมวิท,trunk,13.1437455006827,100.9150549122061,13.148080477308099,100.91635570532303
3270,198291598,,tertiary,13.002572699999998,100.9819587,13.000823053271935,100.97820125874755
3271,198291598,,tertiary,13.000823053271935,100.97820125874755,12.9975973760986,100.97528710617627
3272,198291598,,tertiary,12.9975973760986,100.97528710617627,12.994187144284448,100.97250417957792
3275,198291598,,tertiary,12.991142162806348,100.96412451080286,12.99035800134108,100.95960711755345
3277,198291598,,tertiary,12.9896051803299,100.95508434312505,12.988299568546832,100.95079778139424
3278,198291598,,tertiary,12.988299568546832,100.95079778139424,12.986675199999999,100.9477447
3292,203046129,,tertiary,13.285180244597063,101.6074449067864,13.280892082089608,101.6064847563573
3293,203046129,,tertiary,13.280892082089608,101.6064847563573,13.276617597788427,101.60544357104942
3300,203046129,,tertiary,13.257680933933749,101.59007322400501,13.254386568560017,101.58721450298526
3307,203436234,,tertiary,13.408409099999997,101.40601890000002,13.408485255077832,101.41043518223904
3318,203436234,,tertiary,13.407956581403255,101.45476063174684,13.405677019406026,101.45874438236201
3319,203436234,,tertiary,13.405677019406026,101.45874438236201,13.40452223511703,101.46308988159365
3322,203436234,,tertiary,13.402718944025247,101.47213059508572,13.401970397948256,101.47668103719064
3326,203436234,,tertiary,13.399227988719302,101.48966454847985,13.401257761080943,101.4936665979163
3331,203436234,,tertiary,13.41660175508841,101.50135050893999,13.415704806376462,101.5058316970956
3333,203436234,,tertiary,13.414565340916793,101.51029684124016,13.413425803605634,101.5147619296781
3336,203436234,,tertiary,13.409910027401033,101.52292902462685,13.407889737250308,101.52699930818173
3342,207131110,,tertiary,13.32890698036231,101.2629113988044,13.330700214070317,101.25868327765679
3343,207131110,,tertiary,13.330700214070317,101.25868327765679,13.333068001833093,101.25475405777009
3345,207131110,,tertiary,13.335439691213432,101.25082724284216,13.33781461542338,101.24690241288911
3347,207131110,,tertiary,13.340216467841941,101.24299470868995,13.342628595456604,101.23909350652741
3356,207131110,,tertiary,13.371914100375403,101.22467980525927,13.376247005123187,101.2233729603234
3358,207131110,,tertiary,13.380586092248867,101.22208727526265,13.384790441814621,101.22043298534257
3359,207131110,,tertiary,13.384790441814621,101.22043298534257,13.388622583321624,101.21798932661237
3361,208979807,,tertiary,13.366212700000002,101.4697998,13.366614699999996,101.4707132
3365,214645217,,tertiary,13.403242065214233,101.39328586793188,13.403190492980734,101.38873562152095
3370,214645217,,tertiary,13.402218554809393,101.37798310134787,13.406682073250664,101.37847940590937
3371,214645217,,tertiary,13.406682073250664,101.37847940590937,13.40584852976864,101.37504036272392
3372,214645217,,tertiary,13.40584852976864,101.37504036272392,13.404118276235529,101.37114580132948
3375,214645217,,tertiary,13.398217768207184,101.36450644093334,13.395707354805099,101.36067003006715
3376,214645217,,tertiary,13.395707354805099,101.36067003006715,13.394372950507066,101.35635487420835
3379,214645217,,tertiary,13.391862654248971,101.34763747508524,13.390291595183848,101.34369704020371
3384,214645217,,tertiary,13.384722521345578,101.32706051747056,13.384951329815351,101.32255043664979
3390,219185843,,primary,12.930189644857645,101.03599760927231,12.934486150010992,101.0373801897082
3391,219185843,,primary,12.934486150010992,101.0373801897082,12.938238267374922,101.03994402512302
3393,219185843,,primary,12.942249355433068,101.04206011064751,12.94632674006291,101.04404573202845
3397,219185843,,primary,12.958556691476366,101.05000726682583,12.962667958953173,101.05191642102298
3400,219185843,,primary,12.971017771500737,101.05544036092496,12.975192276960142,101.05720378058427
3401,219185843,,primary,12.975192276960142,101.05720378058427,12.979377992543506,101.05893942829213
3404,219185843,,primary,12.988180891824515,101.06079528826865,12.992673864396801,101.06128409290712
3410,219185843,,primary,13.014417583186688,101.06681724319964,13.018910454792834,101.06726658373296
3411,219185843,,primary,13.018910454792834,101.06726658373296,13.02276234761387,101.06955621286191
3416,219185843,,primary,13.03663681119533,101.0813689255222,13.040108329951279,101.08431884354583
3421,219185843,,primary,13.054005301672438,101.09610543630976,13.05755243761295,101.09895871495473
3426,219185843,,primary,13.071291743080524,101.11092109047975,13.07433143451492,101.1143312621659
3428,219185843,,primary,13.077443946587703,101.11767048574386,13.080896472957043,101.1206421712914
3430,219185843,,primary,13.084382216442643,101.12357464846045,13.087988586421085,101.12634375276426
3433,228395356,,secondary,13.314886300000001,100.9574198,13.315545599999998,100.95642180000002
3439,238852138,ถนนสุขุมวิท,primary,13.408697887599867,100.98928796011494,13.402529000000003,100.9884544
3441,238852139,ถนนสุขุมวิท,trunk,13.423390300727322,100.99925673920941,13.426036899999994,101.00165700000001
3444,238852141,ถนนสุขุมวิท,primary,13.337732222856774,100.97214001664163,13.341572819803336,100.97457088192685
3450,238852254,บ้านบึง,trunk,13.353261099999994,101.0045534,13.35128752825374,101.00870460422442
3452,238852254,บ้านบึง,trunk,13.34953178348803,101.01294234969133,13.34855380384793,101.01744751013861
3456,238852254,บ้านบึง,trunk,13.345515312449534,101.03088526436275,13.344377720273803,101.03535012700961
3457,238852254,บ้านบึง,trunk,13.344377720273803,101.03535012700961,13.34330762536294,101.03983327744659
3458,238852254,บ้านบึง,trunk,13.34330762536294,101.03983327744659,13.342267750202984,101.04432381819099
3461,238852254,บ้านบึง,trunk,13.34024269391813,101.05331777575185,13.339224169699783,101.057813329946
3462,238852254,บ้านบึง,trunk,13.339224169699783,101.057813329946,13.337859743569156,101.06220951760378
3463,238852254,บ้านบึง,trunk,13.337859743569156,101.06220951760378,13.33700229374415,101.06671191886319
3466,238852254,บ้านบึง,trunk,13.336030609478557,101.07588684111994,13.333839883948038,101.07983425322969
3469,238852254,บ้านบึง,trunk,13.328486332607728,101.08726873409408,13.325804296064112,101.09098194112802
3470,238852254,บ้านบึง,trunk,13.325804296064112,101.09098194112802,13.32312927277567,101.09470036597999
3474,239340792,,trunk,13.233512607535877,101.23203372541609,13.236403438789813,101.23557775787464
3478,239340792,,trunk,13.246350844049044,101.2444286901039,13.25075528803509,101.24545567677352
3479,239340792,,trunk,13.25075528803509,101.24545567677352,13.255161710174942,101.24647416343092
3481,239340792,,trunk,13.259559704699637,101.24752811064607,13.263879252909499,101.24887330183456
3482,239340792,,trunk,13.263879252909499,101.24887330183456,13.268148646312843,101.25038205324076
3496,239340792,,trunk,13.32366501854908,101.26991231715007,13.328164233345516,101.27022440275465
3505,239340792,,trunk,13.364003356309901,101.27368531547937,13.368419512836043,101.2746585632812
3510,239340793,,trunk,13.222010065569577,101.22483008793598,13.217972277743069,101.22276108004178
3517,239340793,,trunk,13.194400551273034,101.20930955601006,13.190986816498933,101.20628897135052
3518,239340793,,trunk,13.190986816498933,101.20628897135052,13.187573144008594,101.20326834072513
3535,239340793,,trunk,13.127885279602035,101.16479670357761,13.123627203311766,101.16325509858548
3543,239340793,,trunk,13.1029796441545,101.13973905614739,13.100234152203123,101.13607909346271
3546,239371329,,secondary,13.303967299999998,101.122542,13.299519080318866,101.1231602545689
3551,239371329,,secondary,13.282807993247488,101.12686108285062,13.278478449328205,101.1263852329689
3554,239371329,,secondary,13.270346036110775,101.13040416683329,13.266466365987787,101.13275769419175
3555,239371329,,secondary,13.266466365987787,101.13275769419175,13.26270853181914,101.13531863394304
3558,239371329,,secondary,13.255175728362662,101.14041399590111,13.251417630203651,101.14297436927828
3563,239371329,,secondary,13.234651697921292,101.14849155383912,13.230289486443567,101.14963062580316
3564,239371329,,secondary,13.230289486443567,101.14963062580316,13.225992280494655,101.15105520964144
3567,239371329,,secondary,13.217386544156717,101.15386866004245,13.21302772883641,101.1550671219623
3579,239371329,,secondary,13.163940240868381,101.16247780239752,13.159434050866265,101.16281415688408
3581,239371329,,secondary,13.154927841007456,101.16315023731326,13.151153099999998,101.1634616
3582,243721279,,trunk,13.052002899999996,101.4286524,13.05604637238028,101.42660737436509
3587,243721279,,trunk,13.069361527804391,101.4142220359641,13.072654915326519,101.41107102392782
3595,243721279,,trunk,13.095815806537226,101.389135350696,13.09924151811839,101.38613090505257
3600,243721279,,trunk,13.113047727751281,101.37423755801716,13.116526875061147,101.37129744318538
3603,243721279,,trunk,13.122473972486624,101.36438074475703,13.125324313037039,101.36080465111186
3612,243721279,,trunk,13.147699474044131,101.33185412727393,13.150412400701866,101.328168069069
3614,243721279,,trunk,13.152864210121232,101.32430589040013,13.154355495513466,101.31996767070083
3626,243721279,,trunk,13.171941011962529,101.2739286260202,13.174731553964993,101.27030269132804
3629,243721279,,trunk,13.180307366302273,101.26304644276415,13.18308939684755,101.25941353880604
3632,243721279,,trunk,13.188653341409488,101.25214747404127,13.191437170796851,101.24851584266585
3635,243721279,,trunk,13.19880997622724,101.24435341881548,13.203287779375826,101.24496306422598
3639,243721279,,trunk,13.215245752105503,101.23956203243468,13.218912599590068,101.23686801425048
3642,250479249,,secondary,13.3505516,100.97819110000002,13.351112499999997,100.9772503
3645,251748615,ถนนสุขุมวิท,trunk,13.26678139225778,100.93410915122429,13.262285785762586,100.93375965154031
3647,251748615,ถนนสุขุมวิท,trunk,13.257766991274705,100.93376597550007,13.253248323232839,100.9338022093984
3648,251748615,ถนนสุขุมวิท,trunk,13.253248323232839,100.9338022093984,13.248730532413306,100.9338196504555
3652,251748615,ถนนสุขุมวิท,trunk,13.235253079886775,100.93531064477357,13.230935454551059,100.9365987561078
3654,251748615,ถนนสุขุมวิท,trunk,13.226693396862107,100.93818809553858,13.22245648066463,100.93979169096954
3660,253467214,,tertiary,12.915580745398497,100.99693163906589,12.912882928524215,100.99324426293374
3664,253467214,,tertiary,12.90135008786843,100.98636221071747,12.896931004552458,100.98559679890022
3668,253467214,,tertiary,12.88425885477607,100.98132701139198,12.880981209996916,100.9782416239904
3670,253467214,,tertiary,12.877829524173382,100.97498157864369,12.87447781003136,100.97192378678996
3671,253467214,,tertiary,12.87447781003136,100.97192378678996,12.870145861933375,100.97094674272495
3675,260503943,ถนนสุขุมวิท,trunk,12.8543579,100.9092317,12.854074499999998,100.909193
3676,260503944,ถนนสุขุมวิท,trunk,12.854383099999996,100.9090488,12.858767332576118,100.90823477110223
3687,260503945,ถนนสุขุมวิท,trunk,12.832135762932246,100.91383177765205,12.827761199784268,100.91498589551541
3690,260503945,ถนนสุขุมวิท,trunk,12.818920127305173,100.9166330825689,12.814405698284647,100.91683482307732
3693,260503945,ถนนสุขุมวิท,trunk,12.805380321694605,100.91730815130214,12.800865888600299,100.91751389915531
3697,260503945,ถนนสุขุมวิท,trunk,12.78756536675773,100.91652702929593,12.783424066791252,100.91468432439754
3709,265705809,ถนนสุขุมวิท,trunk,13.103464098794376,100.9158026061097,13.098957236727623,100.91546666214686
3712,265705809,ถนนสุขุมวิท,trunk,13.090113201590716,100.91651526055932,13.084853799999996,100.9181187
3713,265705810,ถนนสุขุมวิท,trunk,13.1078975,100.91594330000001,13.108436400000002,100.9159897
3714,265705812,ถนนสุขุมวิท,trunk,13.108566999999999,100.9162803,13.1080284,100.916238
3716,267304644,,trunk,12.872398540294265,101.06484478313641,12.875655024864574,101.06165187985738
3725,267304644,,trunk,12.90166064482161,101.03605799753515,12.904916576175582,101.0328640396093
3728,267304644,,trunk,12.911408639100449,101.0264550371461,12.914660726470562,101.02325692509166
3740,267304644,,trunk,12.950055931809821,100.98950531340022,12.95395796082525,100.98718177424423
3742,267304644,,trunk,12.957894280165089,100.9849202187027,12.961791047353792,100.98258742237542
3749,269833976,,tertiary,13.131690888329512,101.3969093285144,13.130117619561858,101.4011863230886
3755,269833976,,tertiary,13.11127020747989,101.41208088350933,13.109038076084376,101.4154824498875
3759,269833976,,tertiary,13.112070873682756,101.4284768732129,13.1136914894208,101.43277825363617
3762,269833976,,tertiary,13.117345028085992,101.44119742090484,13.120987986287323,101.44327409222205
3767,269833976,,tertiary,13.125420569819386,101.45962910173976,13.123759827758786,101.46391165648659
3774,269833976,,tertiary,13.13999944099826,101.47854957844734,13.14434439869561,101.47896344348686
3778,269833976,,tertiary,13.1428622258255,101.49175271130078,13.141397856791945,101.49605014901614
3781,269833976,,tertiary,13.137927570984589,101.5043634683384,13.137633334427717,101.50892345728884
3782,269833976,,tertiary,13.137633334427717,101.50892345728884,13.139140175371667,101.51316492249303
3787,269833976,,tertiary,13.135850942957019,101.5284314123187,13.13501288405966,101.5329602147196
3802,276957317,,secondary,13.336541000000002,100.9715871,13.3366366,100.9714427
3803,294930789,,tertiary,13.187635600000002,100.9951951,13.186277511993774,100.99112874033966
3807,294930789,,tertiary,13.187138026173075,100.97766264495273,13.18367427177366,100.97500064144606
3817,294930801,,tertiary,13.1879558,100.9952567,13.187635600000002,100.9951951
3818,294930916,,tertiary,13.171372199999999,101.016096,13.171246599999996,101.0163561
3827,306422137,,primary,13.522457600000001,101.1534364,13.526766653707792,101.15205758605923
3828,306422137,,primary,13.526766653707792,101.15205758605923,13.531790399999997,101.1501748
3829,306422138,,primary,13.511722099999997,101.1565568,13.51608139401896,101.15534652972227
3834,306730257,,tertiary,12.796667399999999,100.9511144,12.796667399999999,100.9511144
3837,306730260,,tertiary,12.796517,100.9510587,12.796738599999996,100.9506493
3839,306730262,,tertiary,12.796390699999998,100.951639,12.796503900000001,100.95115590000002
3848,306733876,,tertiary,12.793953,100.9546029,12.7938814,100.95404640000001
3849,306735727,,tertiary,12.794676199999998,100.9507475,12.790238128417103,100.94988040418392
3851,306735728,,tertiary,12.788603100000001,100.95113220000002,12.788592699999999,100.9512583
3856,306735730,,tertiary,12.780929465342192,100.96620748159745,12.778411080846274,100.96983444364483
3867,306735735,,tertiary,12.794058007852447,100.9599574276159,12.793953,100.9546029
3868,306735736,,tertiary,12.794824699999994,100.9507723,12.794676199999998,100.9507475
3869,306739370,,tertiary,12.8050357,100.9343687,12.8055402,100.9315493
3872,306739372,,tertiary,12.802370456597545,100.9233429413581,12.8013734,100.917698
3886,307575436,,secondary,12.730648422197794,100.90626235600955,12.729637499999999,100.8998182
3893,307575455,,secondary,12.729003960702066,100.95732587570457,12.731833580284212,100.9537367474172
3894,307575455,,secondary,12.731833580284212,100.9537367474172,12.734307309653817,100.94992570341067
3897,307575460,,secondary,12.706841180259273,101.00867563800358,12.710499682051777,101.00605833739297
3900,307575460,,secondary,12.715453987096831,100.99836351896943,12.717886018203835,100.99448408692166
3908,310616989,,secondary,13.233264099999998,100.99512850000002,13.236073600000001,100.9966304
3910,310617000,,secondary,13.239783599999999,101.0020538,13.238227500000002,100.9997284
3911,310617002,,secondary,13.238227500000002,100.9997284,13.2360448,100.9966492
3914,310617912,,tertiary,13.237544599999996,101.0053534,13.236419239593198,101.00979482752078
3927,310637358,,tertiary,13.208152540603473,100.99283726043801,13.204985697341137,100.99027567441095
3928,310637358,,tertiary,13.204985697341137,100.99027567441095,13.200507984511113,100.99053874608255
3944,310638686,,tertiary,13.222527,100.99996480000001,13.2181442652465,101.00082949283966
3945,310638686,,tertiary,13.2181442652465,101.00082949283966,13.213398300000001,101.002248
3946,310638687,,tertiary,13.222748999999997,100.999938,13.222527,100.99996480000001
3949,311071171,,secondary,13.231432380342975,100.96045049456154,13.227320769844006,100.95859162911478
3961,311071171,,secondary,13.23288608325184,100.98971446916454,13.233264099999998,100.99512850000002
3965,330083013,,tertiary,13.236308981416068,101.00981914492745,13.237544599999996,101.0053534
3971,339720062,บ้านบึง,trunk,13.316158000000001,101.1043281,13.312145710856669,101.1064291037979
3974,339720062,บ้านบึง,trunk,13.304174287715913,101.11072283141668,13.303292169127126,101.11505384519835
3981,351099063,,tertiary,13.286643300000001,100.9279788,13.28241635933918,100.92944229109746
3983,352306914,ถนนสุขุมวิท,trunk,13.172870800000002,100.93144,13.177527099999999,100.9315433
3990,352992389,ถนนสุขุมวิท,trunk,13.047130860087867,100.92668518093421,13.042631567694368,100.92711396493273
3993,352992389,ถนนสุขุมวิท,trunk,13.033736193594294,100.92855917445698,13.02933836217156,100.92961767227841
3995,352992389,ถนนสุขุมวิท,trunk,13.024951882726638,100.93072052826629,13.020550465463392,100.93175567774239
4003,352992394,ถนนสุขุมวิท,trunk,13.0701566,100.92332900000001,13.069890399999998,100.92349380000002
4006,373404254,,trunk,13.288907329808689,100.95197028444535,13.287434224507303,100.95615202245763
4012,373442510,,trunk,13.285261133889625,100.97662773947026,13.286520018211329,100.98098542418222
4018,373442511,,trunk,13.285558137455535,100.97772146978767,13.285284033677605,100.97331190502689
4019,373442511,,trunk,13.285284033677605,100.97331190502689,13.286791744055114,100.96896284887772
4022,373571954,,trunk,13.287028500000003,100.9647823,13.287287200000002,100.958565
4031,373884419,,secondary,13.242143837867495,100.9960476961518,13.246359617981156,100.99438795067846
4032,373884419,,secondary,13.246359617981156,100.99438795067846,13.250580084230911,100.99274004275475
4036,373884419,,secondary,13.263610968050733,100.98940863529234,13.268118973581242,100.98972516466921
4037,373884419,,secondary,13.268118973581242,100.98972516466921,13.272626401427093,100.99005029339382
4043,373884426,,secondary,13.1948821,101.0002187,13.190574796856552,100.99882475841689
4061,375975907,จอมเทียนสายสอง,tertiary,12.8880433,100.8813702,12.8880433,100.8813702
4062,375975908,จอมเทียนสายสอง,tertiary,12.8881039,100.8815495,12.884780223055845,100.88466526827669
4068,375975908,จอมเทียนสายสอง,tertiary,12.871260676763823,100.89981527453007,12.8721404,100.9023541
4070,375975909,จอมเทียนสายสอง,tertiary,12.891578684431034,100.87834572316022,12.895151584825808,100.87554323218664
4071,375975909,จอมเทียนสายสอง,tertiary,12.895151584825808,100.87554323218664,12.8983778005752,100.87232568751021
4077,376663560,ถนนสุขุมวิท,trunk,13.106238699999999,100.9158659,13.1078975,100.91594330000001
4078,377489544,,secondary,13.296459799999997,100.9925026,13.300150691170032,100.99043382061811
4081,377489544,,secondary,13.307205733337906,100.98525619004826,13.310337092779688,100.98193017485134
4093,377617543,,secondary,13.002862555915708,100.99314324478206,13.007135466359417,100.994642364367
4095,377617543,,secondary,13.011473606896805,100.99590739058073,13.015979549566232,100.99610097048809
4104,377617543,,secondary,13.052126867828536,100.99585089484323,13.056645537275383,100.99583213754653
4107,377617543,,secondary,13.065663662022402,100.99550014480782,13.070096632684873,100.9946064917345
4113,377617543,,secondary,13.092246981304344,100.99006841078355,13.096672804014636,100.98913879561015
4119,385702047,,secondary,12.7252029,100.9829876,12.722734743025802,100.98684251534979
4126,385702047,,secondary,12.706776800301217,101.00874191156498,12.702422499999997,101.0102288
4131,393163481,,secondary,13.107759344538,100.9242715228798,13.109648026896073,100.92845612934799
4133,393163481,,secondary,13.1107401249863,100.9329193312876,13.11091131197289,100.93751657821363
4137,393163481,,secondary,13.11166728345533,100.9512192134268,13.112473773417454,100.95575510244208
4138,393163481,,secondary,13.112473773417454,100.95575510244208,13.113447126310456,100.96025675124693
4143,393172399,,secondary,13.116264700000002,100.9803515,13.115809942888136,100.9757753762026
4144,393172399,,secondary,13.115809942888136,100.9757753762026,13.114933354555726,100.97125347456864
4147,393172399,,secondary,13.11323026892414,100.9621983894327,13.112364971017032,100.95767347828725
4148,393172399,,secondary,13.112364971017032,100.95767347828725,13.111491042450231,100.95315022069094
4156,393172399,,secondary,13.105988270487291,100.92196331900138,13.103766960031633,100.91800263255534
4157,393172399,,secondary,13.103766960031633,100.91800263255534,13.1023245,100.9158686
4158,393362195,,tertiary,13.1103037,100.9490091,13.106056170186493,100.95058107334924
4163,398375107,ถนนสุขุมวิท,trunk,13.439076103373045,101.00079329637805,13.44349159349583,100.99981296342303
4177,398375111,ถนนสุขุมวิท,trunk,13.320764141630251,100.96143743687685,13.316944117614028,100.9589726940129
4180,398375111,ถนนสุขุมวิท,trunk,13.309295595867827,100.95405711396928,13.305473061096748,100.95159649123856
4183,398375111,ถนนสุขุมวิท,trunk,13.297833988230728,100.94666688470124,13.294012334411038,100.9442050321572
4187,406636888,พัทยา-ชลบุรี,trunk,13.3033209,100.9940399,13.307776653707442,100.99327281349827
4188,406636888,พัทยา-ชลบุรี,trunk,13.307776653707442,100.99327281349827,13.312221792988689,100.99244441298875
4196,408268307,,tertiary,12.983327799999996,100.9643745,12.983327799999996,100.9643745
4202,438272596,,tertiary,13.04306108032967,101.09635554747398,13.042988345181431,101.1009629325226
4210,438272596,,tertiary,13.039459126942166,101.13152987887403,13.036810369074509,101.1352299288484
4215,438272598,,tertiary,13.025914699999998,101.146227,13.029218413126088,101.14308376186652
4217,438272598,,tertiary,13.032529474793577,101.13994841614249,13.03553454318062,101.13651475224194
4219,438272598,,tertiary,13.038437413812266,101.13298350485758,13.03941240878319,101.12864800048236
4220,438272598,,tertiary,13.03941240878319,101.12864800048236,13.0395881,101.1256479
4223,442690556,,secondary,13.1350244,101.3464237,13.1352126,101.3484613
4224,442690557,,secondary,13.135141999999998,101.3487951,13.135123499999995,101.3485691
4239,442692834,,secondary,13.150697847262862,101.40041972390262,13.155136873380918,101.39956935485108
4245,442692834,,secondary,13.175137497871557,101.39882685498144,13.178939233767109,101.40128544143022
4248,442692834,,secondary,13.180195610926944,101.4088623031876,13.182951345819795,101.41238810088277
4253,442692834,,secondary,13.193453959781325,101.41617641123185,13.194801149161593,101.42057201253637
4254,442692834,,secondary,13.194801149161593,101.42057201253637,13.195774057586604,101.42507400239523
4258,442692834,,secondary,13.204833158890905,101.43247543725796,13.209282623487525,101.43327203761737
4259,442692834,,secondary,13.209282623487525,101.43327203761737,13.21373119474515,101.4340738003827
4263,442692834,,secondary,13.22708634083851,101.43642302278487,13.231537932960359,101.43720696975821
4266,442692834,,secondary,13.240462266440533,101.43857812343677,13.244968722933132,101.43825778422178
4268,442692834,,secondary,13.24947527236061,101.43793881152413,13.25399064239038,101.43782970374639
4274,442692834,,secondary,13.27646292102188,101.4381979335893,13.280901643911369,101.43905471689138
4284,442692834,,secondary,13.319794541673408,101.43140462211231,13.32406751166194,101.42990808189282
4285,442692834,,secondary,13.32406751166194,101.42990808189282,13.328346776902421,101.42843021211624
4286,442692834,,secondary,13.328346776902421,101.42843021211624,13.332626050675106,101.42695233101988
4287,442692834,,secondary,13.332626050675106,101.42695233101988,13.33698508254123,101.42574720552146
4289,442692834,,secondary,13.341357326947696,101.42458723963964,13.345609262331614,101.42305900249706
4301,442692834,,secondary,13.393271727635339,101.40940153724132,13.397684349865076,101.4084134201395
4302,442692834,,secondary,13.397684349865076,101.4084134201395,13.402096972916771,101.40742528047208
4305,442692834,,secondary,13.410974546138618,101.4059109571729,13.415491140465539,101.40599905683285
4312,442692834,,secondary,13.442592140316398,101.40643675725245,13.447830500000002,101.4065344
4319,449235096,จารุวร,primary,13.446263638466197,101.17694100426212,13.441902544650945,101.17814215654077
4322,449236938,,tertiary,13.388132499999998,101.2752181,13.3876916,101.2788837
4324,449379541,,secondary,13.284760100000002,101.1785073,13.2851664,101.1817751
4329,452900366,,secondary,13.282032460698685,101.20701823647755,13.2818343,101.2112711
4333,452900379,,tertiary,13.2934611,101.2069285,13.297960494291122,101.20734720863999
4339,452900379,,tertiary,13.320198356700422,101.2111244241381,13.324305499999998,101.2138952
4342,452900397,,secondary,13.282288400000002,101.2134481,13.282195099999996,101.2131103
4344,452900417,,tertiary,13.2758202,101.1714402,13.272042671449002,101.16932119193496
4345,452900417,,tertiary,13.272042671449002,101.16932119193496,13.268716100539383,101.16619981163217
4355,452900464,,tertiary,13.324456300000001,101.2141326,13.326500874436153,101.21799475334615
4357,452900464,,tertiary,13.329497981288641,101.2214076315607,13.332623097093192,101.22470672148401
4359,452900464,,tertiary,13.333845001808957,101.22905321411831,13.333659530767106,101.23366079923913
4377,452900486,บ้านบึง,trunk,13.240621190384577,101.21411129486258,13.237575191471317,101.2174781210514
4387,452900487,บ้านบึง,trunk,13.29722293435879,101.16137720434261,13.298765002471379,101.15707050288319
4391,452900487,บ้านบึง,trunk,13.301675888389587,101.14358500888353,13.302980325925782,101.13916809956721
4393,452900487,บ้านบึง,trunk,13.304260946742826,101.13474423662147,13.30431267266163,101.13015586059068
4394,452900487,บ้านบึง,trunk,13.30431267266163,101.13015586059068,13.303958899999998,101.125373
4401,458597107,,tertiary,13.31864028517181,101.57739518585139,13.314356947138997,101.57720683996043
4404,458597107,,tertiary,13.3055253455992,101.57672630503254,13.301249958313312,101.57658813363683
4406,458597107,,tertiary,13.297605026019664,101.57550583392384,13.293509691759883,101.57681460113096
4409,458597107,,tertiary,13.285605997757779,101.57898079517467,13.286723969978246,101.57491287228949
4410,458597107,,tertiary,13.286723969978246,101.57491287228949,13.286112170932691,101.57049557730963
4412,458597107,,tertiary,13.282553692232934,101.56793710623106,13.278403199348384,101.56922807795425
4414,458597107,,tertiary,13.274670928601564,101.56767305774552,13.273255662006271,101.56438141507967
4415,458597107,,tertiary,13.273255662006271,101.56438141507967,13.269185566424309,101.5627480786572
4420,458597107,,tertiary,13.255543306238456,101.5608947993235,13.254791174349618,101.55645246040028
4421,458597107,,tertiary,13.254791174349618,101.55645246040028,13.253305949559028,101.55214392373625
4429,458597282,,tertiary,13.331581996918239,101.54933193198627,13.332420983207319,101.54482697595742
4433,458597282,,tertiary,13.331928459077112,101.5313640973547,13.331404494884854,101.52696333826835
4440,458597282,,tertiary,13.304615043382658,101.52518413501748,13.299273300000003,101.5231663
4444,459095752,,tertiary,13.167495331130203,101.04723152305766,13.165962440884753,101.05149338081716
4448,459095752,,tertiary,13.160994761461046,101.06435213680521,13.160259987525956,101.0687954055288
4451,461048870,,secondary,13.3861435,101.3175019,13.386273899999997,101.3177062
4452,461048871,,secondary,13.386050500000001,101.3170445,13.3861008,101.3174171
4460,463103280,,primary,12.698116756342817,100.97549565540439,12.702555924809811,100.97463491374805
4462,463103280,,primary,12.706995094039739,100.97377415646633,12.711463291521415,100.97320542495997
4463,463103280,,primary,12.711463291521415,100.97320542495997,12.715521007316664,100.97508732976787
4469,463312884,,tertiary,13.315410758432803,101.04560552452409,13.31767428786359,101.04164880578988
4478,464304000,,secondary,13.255864797479958,100.99130801550449,13.251631198492554,100.9929204465589
4482,464304000,,secondary,13.238929506360774,100.99775516499122,13.234728718780882,100.99945295159532
4495,464304037,,tertiary,13.331434381973343,101.13773141996536,13.334693476092857,101.14092558486844
4498,464304037,,tertiary,13.341312941408939,101.14720731570802,13.344630695066517,101.15033945424682
4501,464304037,,tertiary,13.350049283595181,101.15765962873202,13.352986476184867,101.16115561678032
4506,464304077,,tertiary,13.278702600000003,101.4287172,13.2822867,101.4299501
4507,464304098,,tertiary,13.331902799999998,101.2388218,13.331941499999997,101.2389911
4510,464304099,,tertiary,13.333077141810117,101.24715212669805,13.334138299999998,101.2529779
4519,464319250,,tertiary,13.304060556202016,101.50108688766842,13.303297428939395,101.50563285758167
4520,464319250,,tertiary,13.303297428939395,101.50563285758167,13.303098338765592,101.51021777935559
4524,464319250,,tertiary,13.299449079488028,101.52276762823476,13.298264408884487,101.52720088652637
4525,464319250,,tertiary,13.298264408884487,101.52720088652637,13.299098526619504,101.5316606673181
4529,464319250,,tertiary,13.30072474723547,101.54526579981932,13.301262981274448,101.54984457341169
4536,466035385,,tertiary,12.956691199999995,101.1223105,12.955026626412472,101.11802755797584
4537,466035385,,tertiary,12.955026626412472,101.11802755797584,12.954705409806555,101.11362560515927
4542,466035385,,tertiary,12.960636661263683,101.0964934818309,12.962177799999997,101.0930366
4545,471369594,ถนนสุขุมวิท,trunk,13.205372206754085,100.94305807222399,13.201518163825984,100.9406502564219
4549,471369594,ถนนสุขุมวิท,trunk,13.189746886940606,100.93381529103496,13.185621275606696,100.93195005234155
4553,471369594,ถนนสุขุมวิท,trunk,13.17208125446036,100.93158699352621,13.167562932822246,100.93151773878093
4558,471369594,ถนนสุขุมวิท,trunk,13.155621698743506,100.91893631859695,13.15130979228889,100.91756039268923
4559,471369594,ถนนสุขุมวิท,trunk,13.15130979228889,100.91756039268923,13.146987168621344,100.91621642924699
4567,471369595,,secondary,13.213882700000001,100.9429029,13.2138466,100.9427656
