worker_id,path_order
1,3612;4223;4224
1,3612;1058;1063;1065;1067;2192;2180;2178
1,3612;1058;1063;1065;1067;4239;3749;3755
1,3612;1058;1063;1065;1067;2192;2180
1,3612;1058;1063;1065;1067;2192;4245
1,3614;1073;3092;3093;2150;2152;2054
1,3612;1058;1063;1065;1067;2192;2180;2178;2824
1,3612;4223;4224;2634;2636;3603;3600;2644;3595
1,3614;1073;2060
1,3612;1058;1063;1065;1067;4239
1,3612;1058;1063;1065;1067;2192
1,3612;4223;4224;2634;2636;3603
1,3614;1073;3092
1,3614;1073;3092;3093
1,3612;1058;1063;1065;1067;2192;4245;4248
1,3612
1,3612;1058;1063;1065;1067;2192;4245;4248;2340;4253
1,3614
1,
1,3612;1058
1,3612;1058;1063;1065;1067;2192;4245;4248;2340
1,3612;1058;1063;1065;1067;4239;3749
1,3612;1058;1063
1,3612;1058;1063;1065
1,3614;1073;3092;3093;2150;2149;2617;3626
1,3612;1058;1063;1065;1067
1,3614;1073;3092;3093;2150;2149;2617;3626;3629
1,3614;1073;3092;3093;2150;2149;2617;3626;3629;2610;3632;2606
1,3612;1058;1063;1065;1067;4239;3749;3755;3759
1,3614;1073;3092;3093;2150;2149;2617;3626;3629;2610;3632
1,3614;1073
1,3614;1073;3092;3093;2150;2149;2617;3626;3629;2610
1,3612;1058;1063;1065;1067;2192;4245;4248;2340;4253;4254
1,3612;1058;1063;1065;1067;4239;3749;3755;3759;3762;3767
1,3614;1073;3092;3093;2150;2149;2617
1,3614;2625;2624;2623;2622
1,3614;2625;2624;2623
1,3614;2625;2624
1,3614;2625
1,3612;4223;4224;2634
1,3612;4223;4224;2634;2636
1,3612;4223;4224;2634;2636;3603;3600;2644;3595;3587
1,3612;4223;4224;2634;2636;3603;3600;2644
1,3612;1058;1063;1065;1067;4239;3749;3755;3759;3762
1,3614;1073;3092;3093;2150;2152;2054;2157;2158;2046;2354
1,3614;1073;3092;3093;2150;2152;2054;2157;2158;2046;2354;2403;2402;2400
1,3612;4223;4224;2634;2636;3603;3600
1,3614;1073;3092;3093;2150;2152;2054;2157;2158;2046;2354;2403;2402
1,3614;1073;3092;3093;2150;2152;2054;2157;2158;2046;2354;2403
1,3614;1073;3092;3093;2150;2149
1,3614;1073;3092;3093;2150
1,3614;1073;3092;3093;2150;2152;2054;2157;2158;2046;2354;2403;2407
1,3614;1073;3092;3093;2150;2152
1,3614;1073;3092;3093;2150;2152;2054;2157
1,3614;1073;3092;3093;2150;2152;2054;2157;2158
1,3614;1073;3092;3093;2150;2152;2054;2157;2158;2046;2354;2403;2407;2408
1,3612;4223;4224;2634;2636;3603;3600;2644;3595;3587;3582
1,3614;1073;3092;3093;2150;2152;2054;2157;2158;2046
1,3612;4223
2,788;958;960;955;966;948;969;970;945;972;973;942;1027;1024
2,788;958;960;955;966;948;969;970;945;972;973;942;1027
2,788;958;960;955;966;948;969;970;945;972;973;942;1027;1028
2,788;958;960;955;966;948;969;970;945;972;973;942;1027;1028;1029
2,788;958;960;955;1038;1037;1035
2,788;958;960;955;1038;1037
2,788;958;960;955;1038
2,1127;51;3543;54;56;1655;1661;1665;2239;2220;2223;600;599;4210;4220;537
2,1127;51;3543;54;56;1655;1661;1665;2239;2220;2223;600;599;4210;4220;537;540
2,1127;51;3543;54;56;1655;1661;1665;2239;2220;2223;600;599;4210;4220;537;540;4202;542
2,1127;51;3543;54;56;1655
2,
2,1127;51
2,1127;51;3543;54
2,1127;51;3543;54;56
2,1127;51;3543;54;56;1655;1654;1653;3535;63
2,1127;51;3543;54;56;1655;1654;1653;3535;63;64
2,1127;51;3543;54;56;1655;1654;1653;3535;63;64;65
2,1127;51;3543;54;56;1655;1661;1665;2239;2220;2223;600;599
2,1127;51;3543;54;56;1655;1661;1665;2239;2220;2223;600
2,1127;51;3543;54;56;1655;1661;1665;2239;1119
2,1127;51;3543;54;56;1655;1661;1665;2239;1119;2238;2237;1121
2,1127
2,1127;51;3543;54;56;1655;1661;1665;2239;2220;2223;600;599;4210;4220;537;540;4202
2,1127;51;3543;54;56;1655;1661;1665;2239;2220;2223;600;599;4210;4220;537;540;4202;542;1135
2,1127;51;3543;54;56;1655;1661;1665;2239;2220;2223;600;599;4210;4220;537;540;4202;542;1137
2,1127;51;3543;54;56;1655;1661;1665;2239;2220;2223;600;599;4210
2,1127;51;3543;54;56;1655;1654;1653
2,1127;51;3543;54;56;1655;1661;1665;2239;2220;2223;600;599;4210;4220;537;1142
2,1127;51;3543;54;56;1655;1661;1665;2239;2220;2223;600;599;4210;4220;537;1142;1143
2,1127;51;3543;54;56;1655;1661;1665;2239;2220;2223;600;599;4210;4219;4217
2,1127;51;3543;54;56;1655;1661;1665;2239;2220;2223;600;599;4210;4219
2,1127;51;3543;54;56;1655;1661;1665;2239;2220;2223;600;599;4210;4220
2,1127;51;3543;54;56;1655;1661
2,1127;51;3543;54;56;1655;1661;1665
2,1127;51;3543;54;56;1655;1661;1665;1667
2,1127;51;3543;54;56;1655;1661;1665;1667;1668
2,1127;51;3543;54;56;1655;1661;1665;2239;2220;2223;600;599;4210;4220;537;540;4202;542;1135;3416;807;3411;810;3410;2707
2,1127;51;3543;54;56;1655;1661;1665;2239;2220;2223;600;599;4210;4220;537;540;4202;542;1135;3416;807;3411;810;3410;2709
2,1127;51;3543;54;56;1655;1661;1665;1667;1668;2210
2,1127;51;3543;54;56;1655;1661;1665;2239;2220;2223;600;599;4210;4220;537;540;4202;542;1135;3416;807;3411;2729
2,1127;51;3543;54;56;1655;1661;1665;2239;2220
2,1127;51;3543;54;56;1655;1661;1665;2239;2220;2223
2,1127;51;3543;54;56;1655;1661;1665;2239;1119;2238;2237;1121;2236
2,1127;51;3543;54;56;1655;1661;1665;2239;1119;2238;2237
2,1127;51;3543;54;56;1655;1661;1665;2239;1119;2238
2,1127;51;3543;54;56;1655;1661;1665;2239
2,1127;51;3543;54;56;1655;1654
2,1127;51;3543;54;56;1655;1661;1665;2239;2220;2223;600;599;4210;4219;4217;4215
2,1127;51;3543;54;56;1655;1661;1665;2239;2220;2223;600;599;4210;4220;537;540;4202;542;1135;3416;807;3411;810;3410;2707;3404;817;4542
2,788;958;960;955;966;948;969;970;945;972;973;942;1027;1024;2319
2,788
2,1127;51;3543;54;56;1655;1661;1665;2239;2220;2223;600;599;4210;4220;537;540;4202;542;1135;3416;807
2,1127;51;3543;54;56;1655;1661;1665;2239;2220;2223;600;599;4210;4220;537;540;4202;542;1135;3416;807;3411;810
2,1127;51;3543;54;56;1655;1661;1665;2239;2220;2223;600;599;4210;4220;537;540;4202;542;1135;3416;807;3411;810;3410;2707;3404;817
2,1127;51;3543;54;56;1655;1661;1665;2239;2220;2223;600;599;4210;4220;537;540;4202;542;1135;3416;807;3411;810;3410;2707;3404
2,1127;51;3543;54;56;1655;1661;1665;2239;2220;2223;600;599;4210;4220;537;540;4202;542;1135;3416;807;3411;810;3410
2,1127;51;3543;54;56;1655;1661;1665;2239;2220;2223;600;599;4210;4220;537;540;4202;542;1135;3416;807;3411
2,1127;51;3543;54;56;1655;1661;1665;2239;2220;2223;600;599;4210;4220;537;540;4202;542;1135;3416
2,1127;51;3543;54;56;1655;1661;1665;2239;2220;2223;600;599;4210;4220;537;540;4202;3421
2,788;958;3430;3428;3426
2,788;958;3430;3428
2,788;958;3430
2,788;958;960;955;966;948;969;970;945;972;973;942;941
2,788;958;960;955;966;948;969;970;945;972;973;942
2,788;958;960;955;966;948;969;970;945
2,788;958;960;955;966;948
2,1127;51;3543;54;56;1655;1661;1665;2239;2220;2223;600;599;4210;4220;537;540;4202;542;1135;3416;807;3411;810;3410;2707;3404;817;4542;4537;4536
2,1127;51;3543;54;56;1655;1661;1665;2239;2220;2223;600;599;4210;4220;537;540;4202;542;1135;3416;807;3411;810;3410;2707;3404;817;4542;4537
2,788;958;960;955
2,788;958
2,788;958;960
2,788;958;960;955;966
2,788;958;960;955;966;948;969
2,788;958;960;955;966;948;969;970
2,788;958;960;955;966;948;969;970;945;972
2,788;958;960;955;966;948;969;970;945;972;973
2,1127;51;3543;54;56;1655;1654;1653;3535
2,1127;51;3543
2,1127;51;3543;54;56;1655;1661;1665;2239;2220;2223;600;599;4210;4220;537;540;4202;542;1135;3416;2534;2532;2530;2527;2525
2,1127;51;3543;54;56;1655;1661;1665;2239;2220;2223;600;599;4210;4220;537;540;4202;542;1135;3416;2534;2532;2530;2527
2,1127;51;3543;54;56;1655;1661;1665;2239;2220;2223;600;599;4210;4220;537;540;4202;542;1135;3416;2534;2532;2530
2,1127;51;3543;54;56;1655;1661;1665;2239;2220;2223;600;599;4210;4220;537;540;4202;542;1135;3416;2534;2532
2,1127;51;3543;54;56;1655;1661;1665;2239;2220;2223;600;599;4210;4220;537;540;4202;542;1135;3416;2534
2,1127;51;3543;54;56;1655;1654;1653;3535;63;64;3581;3579
2,1127;51;3543;54;56;1655;1654;1653;3535;63;64;3581
3,74;75;3518;3517;82;84;3510;3474;3478;3479;3481;3482;2891;207;2885;2884;2883;2706;2879;3496;3342;3343;3345;4510;4507;4359;4357;4355;4339;227;225;4387;1240;1239;4391;1237;4393;1343;4394;3546;3551;3554;3555;3558;3563;2306;2308
3,74;75;3518;3517;82;84;3510;3474;3478;3479;3481;3482;2891;207;2885;2884;2883;2706;2879;3496;3342;3343;3345;4510;4507;4359;4357;4355;4339;227;225;4387;1240;1239;4391;1237;4393;1343;4394;3546;3551;3554;3555;3558;3563;2306;2308;2309
3,74;75;3518;3517;82;84;3510;3474;3478;3479;3481;3482;2891;207;2885;2884;2883;2706;2879;3496;3342;3343;3345;4510;4507;4359;4357;4355;4339;227;225;4387;218;4324;2381;2592
3,74;75;3518;3517;82;84;3510;3639;3635
3,74;75;3518;3517;82;84;3510;3639
3,
3,74
3,74;75
3,74;75;3518;3517;82
3,74;75;3518;3517;82;84
3,74;75;3518;3517;82;84;3510;3474;3478;3479;3481;3482;2891;207;2885;2798;2161
3,74;75;3518;3517;82;84;3510;3474;3478;3479;3481;3482;2891;207;2885;2798;2161;2165
3,74;75;3518;3517;82;84;3510;3474;3478;3479;3481;3482;2891;207;2885;2798;2161;2165;2166
3,74;75;3518;3517;82;84;3510;3474;3478;3479;3481;3482;2891;207;2885;2884;2883;2706;2703
3,74;75;3518;3517;82;84;3510;3474;3478;3479;3481;3482;2891;207;2885;2884;2883;2706
3,74;75;3518;3517;82;84;3510;3474;3478;3479;3481;3482;2891;207
3,74;75;3518;3517;82;84;3510;3474;3478;3479;3481;3482;2891;207;2885;2884;2883;2706;2879;3496;3342;3343;3345;4510;4507;4359;4357;4355;4339;227;225;4387;1240;1239;4391;1237
3,74;75;3518;3517;82;84;3510;3474;3478;3479;3481;3482;2891;207;2885;2884;2883;2706;2879;3496;3342;3343;3345;4510;4507;4359;4357;4355;4339;227;225;4387;218;4324;2381;4329;4342;214
3,74;75;3518;3517;82;84;3510;3474;3478;3479;3481;3482;2891;207;2885;2884;2883;2706;2879;3496;3342;3343;3345;4510;4507;4359;4357;4355;4339;227;225;4387;1240;1239
3,74;75;3518;3517;82;84;3510;3474;3478;3479;3481;3482;2891;207;2885;2884;2883;2706;2879;3496;3342;3343;3345;4510;4507;4359;4357;4355;4339;227;225;4387;1240
3,74;75;3518;3517;82;84;3510;3474;3478;3479;3481;3482;2891;207;2885;2884;2883;2706;2879;3496;3342;3343;3345;4510;4507;4359;4357;4355;4339;227;225;4387;218
3,74;75;3518;3517;82;84;3510;3474;3478;3479;3481;3482;2891;207;2885;2884;2883;2706;2879;3496;3342;3343;3345;4510;4507;4359;4357;4355;4339;227;225
3,74;75;3518;3517;82;84;3510;3474;3478;3479;3481;3482;2891;207;2885;2884;2883;2706;2879;3496;3342;3343;3345;4510;4507;4359;4357;4355;4339;227
3,74;75;3518;3517;82;84;3510;3474;3478;3479;3481;3482;2891;207;2885;2884;2883;2706;2879;3496;3342;3343;3345;4510;4507;4359;4357;4355;4339;227;225;4387;218;4324
3,74;75;3518;3517;82;84;3510;3474;3478;3479;3481;3482;2891;207;2885;2884;2883;2706;2879;3496;3342;3343;3345;4510;4507;4359;4357;4355;4339;227;232
3,74;75;3518;3517;82;84;3510;3474;3478;3479;3481;3482;2891;207;2885;2884;2883;2706;2879;3496;3342;3343;3345;4510;4507;4359;4357;4355;4339;227;225;4387;218;4324;2381;4329
3,74;75;3518;3517;82;84;3510;3474;3478;3479;3481;3482;2891;207;2885;2884;2883;2706;2879;3496;3342;3343;3345;4510;4507;4359;4357;4355;4339;227;225;4387;218;4324;2381;4329;2383;4333
3,74;75;3518;3517;82;84;3510;3474;3478;3479;3481;3482;2891;207;2885;2798
3,74;75;3518;3517;82;84;3510;3474;3478;3479;3481;3482;2891;207;2885;2884;2883;2706;2879;3496;3342;3343;3345;4510;3347;3356;3358;243
3,74;75;3518;3517;82;84;3510;3474;3478;3479;3481;3482;2891;207;2885;2884;2883;2706;2879;3496;3342;3343;3345;4510;4507;4359;4357;4355;4339;227;225;4387;218;4324;2381;4329;4342
3,74;75;3518;3517;82;84;3510;3474;3478;3479;3481;3482;2891;207;2885;2884;2883;2706;2879;3496;3342;3343;3345;4510;4507;4359;4357;4355;4339;227;225;4387;218;4344
3,74;75;3518;3517;82;84;3510;3474;3478;3479;3481;3482;2891;207;2885;2884;2883;2706;2879;3496;3342;3343;3345;4510;4507;4359;4357;4355;4339;227;225;4387;218;4344;4345
3,74;75;3518;3517;82;84;3510;3474;3478;3479;3481;3482;2891;207;2885;2884;2883;2706;2879;3496;3342;3343;3345;4510;4507;4359;4357;4355;4339;227;225;4387;1240;1239;4391;1237;4393;1343;4394;3546;3551;3554;3555;3558;3563;2306
3,74;75;3518;3517;82;84;3510;3474;3478;3479;3481;3482;2891;207;2885;2884;2883;2706;2879;3496;3342;3343;3345;4510;4507;4359;4357;4355
3,74;75;3518;3517;82;84;3510;3474;3478;3479;3481;3482;2891;207;2885;2884;2883;2706;2879;3496;3342;3343;3345;4510;4507;4359;4357;4355;4339;227;225;4387;1240;1239;4391;1237;4393;1343;4394;3546;260
3,74;75;3518;3517;82;84;3510;3474;3478;3479;3481;3482;2891;207;2885;2884;2883;2706;2879;3496;3342;3343;3345;4510;4507;4359;4357
3,74;75;3518;3517;82;84;3510;3474;3478;3479;3481;3482;2891;207;2885;2884;2883;2706;2879;3496;3342;3343;3345;4510;4507;4359;4357;4355;4339;227;225;4387;1240;1239;4391;1237;4393;1343;4394;3546;3551;3554;3555;3558;3563;2306;2308;2309;2310
3,74;75;3518;3517;82;84;3510;3474;3478;3479;3481;3482;2891;207;2885;2884;2883;2706;2879;3496;3342;3343;3345;4510;4507;4359
3,74;75;3518;3517;82;84;3510;3474;3478;3479;3481;3482;2891;207;2885;2884;2883;2706;2879;3496;3342;3343;3345;4510;4507;4359;4357;4355;4339;227;225;4387;1240;1239;4391;1237;4393;1343;4394;3546;3551;3554;3555;3558;3563;2306;2308;2309;2310;2312
3,74;75;3518;3517;82;84;3510;3474;3478;3479;3481;3482;2891;207;2885;2884;2883;2706;2879;3496;3342;3343;3345;4510;4507;4359;4357;4355;4339;227;225;4387;1240;1239;4391;1237;4393;1343;4394;3546;3551;3554;3555;3558;3563;2306;2308;2309;2310;2312;2313
3,74;75;3518;3517;82;84;3510;3474;3478;3479;3481;3482;2891;207;2885;2884;2883;2706;2879;3496;3342;3343;3345;4510;4507;4359;4357;4355;4339;227;225;4387;1240;1239;4391;1237;4393;1343;4394;3546;3551;3554;3555;3558;3563;2306;2308;2309;2310;2312;2313;2315
3,74;75;3518;3517;82;84;3510;3474;3478;3479;3481;3482;2891;207;2885;2884;2883;2706;2879;3496;3342;3343;3345;4510;4507;4359;4357;4355;4339;227;225;4387;1240;1239;4391;1237;4393;1343;4394;3546;3551;3554;3555;3558;3563;2306;2308;2309;2310;2312;2313;2315;2316
3,74;75;3518;3517;82;84;3510;3474;3478;3479;3481;3482;2891;207;2885;2884;2883;2706;2879;3496;3342
3,74;75;3518;3517;82;84;3510;3474;3478;3479;3481;3482;2891;207;2885;2884;2883;2706;2879;3496;3342;3343
3,74;75;3518;3517;82;84;3510;3474;3478;3479;3481;3482;2891;207;2885;2884;2883;2706;2879;3496;3342;3343;3345
3,74;75;3518;3517;82;84;3510;3474;3478;3479;3481;3482;2891;207;2885;2884;2883;2706;2879;3496;3342;3343;3345;4510;3347
3,74;75;3518;3517;82;84;3510;3474;4377
3,74;75;3518;3517;82;84;3510;3474;3478;3479;3481;3482;2891;207;2885;2884;2883;2706;2879;3496;3342;3343;3345;4510;3347;3356
3,74;75;3518;3517;82;84;3510;3474;3478;3479;3481;3482;2891;207;2885;2884;2883;2706;2879;3496;3342;3343;3345;4510;3347;3356;3358
3,74;75;3518;3517;82;84;3510;3474;3478;3479;3481;3482;2891;207;2885;2884;2883;2706;2879;3496;3342;3343;3345;4510;4507;4359;4357;4355;4339;227;225;4387
3,74;75;3518;3517;82;84;3510;3474;3478;3479;3481;3482;2891;207;2885;2884;2883;2706;2879;3496;3342;3343;3345;4510;4507;4359;4357;4355;4339;227;225;4387;1240;1239;4391
3,74;75;3518;3517;82;84;3510;3474;3478;3479;3481;3482;2891;207;2885;2884;2883;2706;2879;3496;3342;3343;3345;4510;4507;4359;4357;4355;4339;227;225;4387;1240;1239;4391;1237;4393
3,74;75;3518;3517;82;84;3510;3474;3478;3479;3481;3482;2891;207;2885;2884;2883;2706;2879;3496;3342;3343;3345;4510;4507;4359;4357;4355;4339;227;225;4387;1240;1239;4391;1237;4393;1343;4394
3,74;75;3518;3517;82;84;3510;3474;3478;3479;3481;3482;2891;207;2885;2884;2883;2706;2879;3496;3342;3343;3345;4510;4507;4359;4357;4355;4339;227;225;4387;1240;1239;4391;1237;4393;1343;4394;3546;260;1342;1340
3,74;75;3518;3517;82;84;3510;3474;3478;3479;3481;3482;2891;207;2885;2884;2883;2706;2879;3496;3342;3343;3345;4510;4507;4359;4357;4355;4339;227;225;4387;1240;1239;4391;1237;4393;1343;4394;3546;260;1342
3,74;75;3518;3517;82;84;3510;3474;3478;3479;3481;3482;2891;207;2885;2884;2883;2706;2879
3,74;75;3518;3517;82;84;3510;3474;3478;3479;3481;3482;2891;207;2885;2884;2883
3,74;75;3518;3517;82;84;3510;3474;3478;3479;3481;3482;2891;207;2885;2884
3,74;75;3518;3517;82;84;3510;3474;3478;3479;3481;3482;2891;207;2885
3,74;75;3518;3517;82;84;3510;3474;3478;3479;3481;3482;2891
3,74;75;3518;3517;82;84;3510;3474;3478;3479;3481;3482;2891;207;2885;2884;2883;2706;2879;3496;3342;3343;3345;4510;4507;4359;4357;4355;4339;227;225;4387;218;4324;2381
3,74;75;3518;3517;82;84;3510;3474;3478;3479;3481;3482;2891;207;2885;2884;2883;2706;2879;3496;3342;3343;3345;4510;4507;4359;4357;4355;4339;227;225;4387;218;4324;2381;4329;2383
3,74;75;3518;3517;82;84;3510;3474;3478;3479;3481;3482;2891;207;2885;2884;2883;2706;2879;3496;3342;3343;3345;4510;4507;4359;4357;4355;4339;227;225;4387;1240;1239;4391;1237;4393;1343;4495;4498
3,74;75;3518;3517;82;84;3510;3474;3478;3479;3481;3482;2891;207;2885;2884;2883;2706;2879;3496;3342;3343;3345;4510;4507;4359;4357;4355;4339;227;225;4387;1240;1239;4391;1237;4393;1343
3,74;75;3518;3517;82;84;3510;3474;3478;3479;3481;3482;2891;207;2885;2884;2883;2706;2879;3496;3342;3343;3345;4510;4507;4359;4357;4355;4339;227;225;4387;1240;1239;4391;1237;4393;1343;4394;3546;260;1342;1340;3971
3,74;75;3518;3517;82;84;3510;3474;3478;3479;3481;3482;2891;207;2885;2884;2883;2706;2879;3496;3342;3343;3345;4510;4507;4359;4357;4355;4339;227;225;4387;1240;1239;4391;1237;4393;1343;4394;3546;260;1342;3974
3,74;75;3518;3517;82;84;3510;3474;3478;3479;3481;3482;2891;207;2885;2884;2883;2706;2879;3496;3342;3343;3345;4510;4507;4359;4357;4355;4339;227;225;4387;1240;1239;4391;1237;4393;1343;4495
3,74;75;3518;3517;82;84;3510;3474
3,74;75;3518;3517;82;84;3510;3474;3478;3479;3481;3482;2891;207;2885;2884;2883;2706;2879;3496;3342;3343;3345;4510;4507;4359;4357;4355;4339;227;225;4387;1240;1239;4391;1237;4393;1343;4495;4498;4501
3,74;75;3518;3517;82;84;3510;3474;3478
3,74;75;3518;3517;82;84;3510;3474;3478;3479
3,74;75;3518;3517;82;84;3510;3474;3478;3479;3481
3,74;75;3518;3517;82;84;3510;3474;3478;3479;3481;3482
3,74;75;3518;3517;82;84;3510;3474;3478;3479;3481;3482;2891;207;2885;2884;2883;2706;2879;3496;3342;3343;3345;4510;4507
3,74;75;3518;3517;82;84;3510;3474;3478;3479;3481;3482;2891;207;2885;2884;2883;2706;2879;3496;3342;3343;3345;4510
3,74;75;3518;3517;82;84;3510;3474;3478;3479;3481;3482;2891;207;2885;2884;2883;2706;2879;3496
3,74;75;3518;3517;82;84;3510;3474;3478;3479;3481;3482;2891;207;2885;2884;2883;2706;2879;3496;3342;3343;3345;4510;4507;4359;4357;4355;4339
3,74;75;3518;3517;82;84;3510
3,74;75;3518;3517
3,74;75;3518
3,74;75;3518;3517;82;84;3510;3474;3478;3479;3481;3482;2891;207;2885;2884;2883;2706;2879;3496;3342;3343;3345;4510;4507;4359;4357;4355;4339;227;225;4387;1240;1239;4391;1237;4393;1343;4394;3546
3,74;75;3518;3517;82;84;3510;3474;3478;3479;3481;3482;2891;207;2885;2884;2883;2706;2879;3496;3342;3343;3345;4510;4507;4359;4357;4355;4339;227;225;4387;1240;1239;4391;1237;4393;1343;4495;4498;1359
3,74;75;3518;3517;82;84;3510;3474;3478;3479;3481;3482;2891;207;2885;2884;2883;2706;2879;3496;3342;3343;3345;4510;4507;4359;4357;4355;4339;227;225;4387;1240;1239;4391;1237;4393;1343;4394;3546;3551
3,74;75;3518;3517;82;84;3510;3474;3478;3479;3481;3482;2891;207;2885;2884;2883;2706;2879;3496;3342;3343;3345;4510;4507;4359;4357;4355;4339;227;225;4387;1240;1239;4391;1237;4393;1343;4394;3546;3551;3554
3,74;75;3518;3517;82;84;3510;3474;3478;3479;3481;3482;2891;207;2885;2884;2883;2706;2879;3496;3342;3343;3345;4510;4507;4359;4357;4355;4339;227;225;4387;1240;1239;4391;1237;4393;1343;4394;3546;3551;3554;3555
3,74;75;3518;3517;82;84;3510;3474;3478;3479;3481;3482;2891;207;2885;2884;2883;2706;2879;3496;3342;3343;3345;4510;4507;4359;4357;4355;4339;227;225;4387;1240;1239;4391;1237;4393;1343;4394;3546;3551;3554;3555;3558
3,74;75;3518;3517;82;84;3510;3474;3478;3479;3481;3482;2891;207;2885;2884;2883;2706;2879;3496;3342;3343;3345;4510;4507;4359;4357;4355;4339;227;225;4387;1240;1239;4391;1237;4393;1343;4394;3546;3551;3554;3555;3558;3563
3,74;75;3518;3517;82;84;3510;3474;3478;3479;3481;3482;2891;207;2885;2884;2883;2706;2879;3496;3342;3343;3345;4510;4507;4359;4357;4355;4339;227;225;4387;1240;1239;4391;1237;4393;1343;4394;3546;3551;3554;3555;3558;3563;3564
3,74;75;3518;3517;82;84;3510;3474;3478;3479;3481;3482;2891;207;2885;2884;2883;2706;2879;3496;3342;3343;3345;4510;4507;4359;4357;4355;4339;227;225;4387;1240;1239;4391;1237;4393;1343;4394;3546;3551;3554;3555;3558;3563;3564;3567
4,2944
4,2944;2948;2953;3697;3872;3869;3834;3837;3868;3849;3851;387;385
4,2944;2948;2953;3697;3872;3869;3834;3837;3868;3849;3851;387
4,2944;2948
4,2944;2948;2953;3697;3872;3869;3834;3837;3839;3848;3867;3856;774;773
4,2944;2948;2953;3697;3872;3869;3834;3837;3839;3848;3867;3856;774
4,
4,2944;2948;2953;3697;3872;3869;3834;3837;3839;3848
4,2944;2948;2953
4,3062;2941;2940;2939;10
4,2944;2948;2953;3697;3872;3869;3834;3837;3868;3849;3851
4,3062;2941;2940;2939;10;2938;12
4,3062;2941;2940;2939;10;2938;12;2936;13
4,2944;2948;2953;3697;3872;3869;3834;3837;3839;3848;3867;3856;774;403;402;399;398
4,2944;2948;2953;3697;3872;3869;3834;3837;3839;3848;3867;3856;774;403;402;399
4,2944;2948;2953;3697;3872;3869;3834;3837;3839;3848;3867;3856
4,2944;2948;2953;3697;3872;3693;2961
4,2944;2948;2953;3697;3872;3869;3834;3837;3839;3848;3867;3856;774;403;402
4,2944;2948;2953;3697;3872;3693;2961;3690;2963
4,2944;2948;2953;3697;3872;3869;3834;3837;3839;3848;3867;3856;774;403;405
4,2944;2948;2953;3697;3872;3693;2961;3690;2963;3687;2966
4,2944;2948;2953;3697;3872;3869;3834;3837;3839;3848;3867;3856;774;403;405;2430;407
4,2944;2948;2953;3697;3872;3869;3834;3837;3839;3848;3867;3856;774;403;405;2430;2427;783;786;4119;4463;4462;3095
4,2944;2948;2953;3697;3872;3869;3834;3837;3839;3848;3867;3856;774;403;405;2430;2427;783;786;4119;4463;4462;3095;3101;3104;33;631
4,2944;2948;2953;3697;3872;3869;3834;3837;3839;3848;3867
4,2944;2948;2953;3697;3872;3869;3834;3837;3868
4,2944;2948;2953;3697;3872;3869
4,2944;2948;2953;3697;3872;3869;3834;3837;3839;3848;3867;3856;774;403;405;2430;2427;783;786;4119;3900;2419;3897;4126
4,2944;2948;2953;3697;3872;3869;3834;3837;3839;3848;3867;3856;774;403;405;2430;2427;783;786;4119;4463;4462;3095;3101;3104;33;2918;30
4,2944;2948;2953;3697;3872
4,2944;2948;2953;3697;3872;3869;3834;3837;3839;3848;3867;3856;774;403;405;2430;2427;783;786;4119;4463;4462;3095;3101;3104;33
4,2944;2948;2953;3697;3872;3869;3834;3837;3839;3848;3867;3856;774;403;405;2430;2427;783;786;4119;4463;4462;3095;3101;3104;33;631;630
4,2944;2948;2953;3697;3872;3869;3834;3837;3839;3848;3867;3856;774;403;405;2430;2427;783;786;4119;4463;4462;3095;3101;3104;2914;636
4,2944;2948;2953;3697;3872;3869;3834;3837;3839;3848;3867;3856;774;403;405;2430;2427;783;786;4119;3900;2419;3897;4126;2901;2902;44
4,2944;3886
4,2944;2948;2953;3697;3872;3869;3834;3837;3839;3848;3867;3856;774;403;405;2430;407;413
4,2944;2948;2953;3697;3872;3869;3834;3837;3839;3848;3867;3856;774;403;405;2430;2427;783;786;4119;4463;4462;3095;3101;3104;33;2918;30;25;2924
4,2944;2948;2953;3697;3872;3869;3834;3837;3839;3848;3867;3856;774;773;371
4,2944;2948;2953;3697;3872;3869;3834;3837;3839;3848;3867;3856;774;403;405;2430;2427;783;786;4119;4463;3893
4,2944;2948;2953;3697;3872;3869;3834;3837;3839;3848;3867;3856;774;403;405;2430;2427;783;786;4119;4463;3893;3894
4,2944;2948;2953;3697;3872;3869;3834;3837;3868;3849
4,2944;2948;2953;3697;3872;3869;3834;3837;3839;3848;3867;3856;774;403;405;2430;2427;783;786;4119
4,2944;2948;2953;3697;3872;3869;3834;3837;3839;3848;3867;3856;774;403;405;2430;2427;783;786;4119;3900;2419;3897
4,2944;2948;2953;3697;3872;3869;3834;3837;3839;3848;3867;3856;774;403;405;2430;2427;783;786
4,2944;2948;2953;3697;3872;3869;3834;3837;3839;3848;3867;3856;774;403;405;2430;2427;783;786;4119;3900
4,2944;2948;2953;3697;3872;3869;3834;3837;3839;3848;3867;3856;774;403;405;2430;2427;783;786;4119;4463;4462;3095;3101;3104
4,3062;2941;2940;2939;10;2938;12;2936;13;2935;2934
4,2944;2948;2953;3697;3872;3869;3834;3837;3839;3848;3867;3856;774;403;405;2430;2427;783;786;4119;3900;2419
4,2944;2948;2953;3697;3872;3869;3834;3837;3839;3848;3867;3856;774;403;405;2430;2427;783;786;4119;4463;4462;3095;3101
4,2944;2948;2953;3697;3872;3869;3834;3837;3839;3848;3867;3856;774;403;405;2430;2427;783;786;4119;3900;2419;3897;4126;2901
4,2944;2948;2953;3697;3872;3869;3834;3837;3839;3848;3867;3856;774;403;405;2430;2427;783;786;4119;3900;2419;3897;4126;2901;2902
4,2944;2948;2953;3697;3872;3869;3834;3837;3839;3848;3867;3856;774;773;371;366;365
4,2944;2948;2953;3697;3872;3869;3834;3837;3839;3848;3867;3856;774;403;405;2430;2427;783
4,3062;2941;2940;2939;10;2938
4,2944;2948;2953;3697;3872;3869;3834;3837;3839;3848;3867;3856;774;403;405;2430;2427;783;786;4119;4463;4462;3095;3101;3104;33;631;630;621
4,3062;2941;2940;2939;10;2938;12;2936;13;2935;2934;16
4,2944;2948;2953;3697;3872;3869;3834;3837;3839;3848;3867;3856;774;403;405;2430;2427;783;786;4119;4463;4462;3095;3101;3104;2914
4,2944;2948;2953;3697;3872;3869;3834;3837;3839;3848;3867;3856;774;403;405;2430;2427
4,2944;2948;2953;3697;3872;3869;3834;3837;3839;3848;3867;3856;774;403;405;2430;2427;783;786;4119;4463
4,2944;2948;2953;3697;3872;3869;3834;3837;3839;3848;3867;3856;774;403;405;2430;2427;783;786;4119;4463;4462;3095;3101;3104;33;2918
4,2944;2948;2953;3697;3872;3693;2961;3690;2963;3687
4,2944;2948;2953;3697;3872;3869;3834;3837;3839;3848;3867;3856;774;773;371;764
4,2944;2948;2953;3697;3872;3693;2961;3690
4,2944;2948;2953;3697;3872;3869;3834;3837;3839;3848;3867;3856;774;773;371;366;365;615
4,2944;2948;2953;3697;3872;3869;3834;3837;3839;3848;3867;3856;774;403;405;2430;2427;783;786;4119;4463;4462;4460
4,2944;2948;2953;3697;3872;3693
4,2944;2948;2953;3697;3872;3869;3834;3837;3839;3848;3867;3856;774;773;371;366
4,3062;2941
4,2944;2948;2953;3697
4,2944;2948;2953;3697;3872;3869;3834;3837;3839;3848;3867;3856;774;403
4,2944;2948;2953;3697;3872;3869;3834;3837;3839;3848;3867;3856;774;403;405;2430;2427;783;786;4119;4463;4462;3095;3101;3104;33;2918;30;25
4,2944;2948;2953;3697;3872;3869;3834;3837;3839;3848;3867;3856;774;403;405;2430;2427;783;786;4119;4463;4462
4,3062
4,3062;2941;2940;2939;10;2938;12;2936;13;2935
4,3062;2941;2940;2939;10;2938;12;2936
4,2944;2948;2953;3697;3872;3869;3834;3837;3839;3848;3867;3856;774;403;405;2430;2427;2425
4,2944;2948;2953;3697;3872;3869;3834
4,3062;2941;2940;2939
4,3062;2941;2940
4,2944;2948;2953;3697;3872;3869;3834;3837
4,2944;2948;2953;3697;3872;3869;3834;3837;3839;3848;3867;3856;774;403;405;2430
4,2944;2948;2953;3697;3872;3869;3834;3837;3839
5,251;256;4319;257;568;570;2132;2137;2138;2139;2140;2141;3829;3827;3828;558;560;564;567;1614;1610;1609;1607;1606;2038;1601;1684;1561;1560;677;1574;1581;1578;1635;1292;1565
5,251;858;856
5,251;256;4319;257;568;570;2132;2137;2138;2139;2140;2141;3829;3827;3828;558;560;564;567;1614;1610;1609;1607;1606;2038;1601;1684;1561;1560
5,251;256;4319;257;568;570;2132;2137;2138;2139;2140;2141;3829;3827;3828;558;560;564;567;1614;1610;1609;1607;1606;2038;1601;1684;1561
5,251;256;4319;257;568;570;2132;2137;2138;2139;2140;2141;3829;3827;3828;558;560;564;567;2017;2021;2023;2029;1948;1954;1880;1882
5,251;256;4319;257;568;570;544
5,251;256;4319;257;568;570;2132;2137;2138;2139;2140;2141;3829;3827;3828;558;560;564;567;1614;1610;1609;1607;1606;2038;1601;1684;1561;1560;259;1617;1571
5,251;256;4319;257;568;570;2132;2137;2138;2139;2140;2141;3829;3827;3828;558;560;564;567;1614;1610;1609;1607;1606;2038;1601;1684;1561;1560;677;1574
5,251;256;4319;257;568;570;2132;2137;2138;2139;2140;2141;3829;3827;3828;558;560;564;567;1614;1610;1609;1607;1606;2038;1601;1684;1561;1560;677;1574;1581;1578
5,251;256;4319;257;568;570;2132;2137;2138;2139;2140;2141;3829;3827;3828;558;560;564;567;1614;1610;1609;1607;1606;2038;1601;1684;1561;1560;259;1617;1571;556
5,251;256;4319;257;568;570;2132;2137;2138;2139;2140;2141;3829;3827;3828;558;560;564;567;1614;1610;1609;1607;1606;2038;1601;1684;1561;1560;677;1574;1581
5,251;256;4319;257;568;570;2132;2137;2138;2139;2140;2141;3829;3827;3828;558
5,251;256;4319;257;568;570;2132;2137;2138;1583
5,251;256;4319;257;568;570;2132;2137;2138;2139;2140;2141;3829;3827;3828;558;560
5,251;256;4319;257;568;570;2132;2137;2138;2139;2140;2141;3829;3827;3828;558;560;564
5,251;256;4319;257;568;570;2132;2137;2138;2139;2140;2141;3829;3827;3828;558;560;564;567;1614;1610;1609;1607;1606;2038;2037;1589
5,251;256;4319;257;568;570;2132;2137;2138;2139;2140;2141;3829;3827;3828;558;560;564;567
5,251;256;4319;257;568
5,251;256;4319;257;568;570
5,251;256;4319;257;568;570;2132;2137;2138;2139;2140;2141;3829;3827;3828;558;560;564;567;1614;1610;1609;1607;1606;2038;1601
5,251;256;4319;257;568;570;2132;2137;2138;2139;2140;2141;3829;3827;3828;558;560;564;567;1614;1610;1609;1607;1606
5,251;256;4319;257;568;570;2132;2137;2138;2139;2140;2141;3829;3827;3828;558;560;564;567;1614;1610;1609;1607
5,251;256;4319;257;568;570;2132;2137;2138;2139;2140;2141;3829;3827;3828;558;560;564;567;1614;1610;1609
5,251;256;4319;257;568;570;2132;2137;2138;2139;2140;2141;3829;3827;3828;558;560;564;567;1614;1610
5,251;256;4319;257;568;570;2132;2137;2138;2139;2140;2141;3829;3827;3828;558;560;564;567;1614
5,251;256;4319;257;568;570;2132;2137;2138;2139;2140;2141;3829;3827;3828;558;560;564;567;1614;1610;1609;1607;1606;2038;1601;1684;1561;1560;259;1617
5,251;256;4319;257;568;570;2132
5,251;256;4319;257;568;570;2132;2137;2138;2139;2140;2141;3829;3827;3828;558;560;564;567;1614;1610;1609;1607;1606;2038;1601;1684;1561;1560;677;1574;1581;1578;1635;1292;1565;1639;1640;1624
5,251;256;4319;257;568;570;2132;2137
5,251;256;4319;257;568;570;2132;2137;2138
5,251;256;4319;257;568;570;2132;2137;2138;2139
5,251;256;4319;257;568;570;2132;2137;2138;2139;2140
5,251;256;4319;257;568;570;2132;2137;2138;2139;2140;2141
5,251;256;4319;257;568;570;2132;2137;2138;2139;2140;2141;3829;3827;3828;558;560;564;567;1614;1610;1609;1607;1606;2038;1601;1684;1561;1560;677;1574;1581;1578;1635;1292;1565;1639;1640;1631
5,251;256;4319;257;568;570;2132;2137;2138;2139;2140;2141;3829;3827;3828;558;560;564;567;1614;1610;1609;1607;1606;2038;1601;1684;1561;1560;677;1574;1581;1578;1635
5,251;256;4319;257;568;570;2132;2137;2138;2139;2140;2141;3829;3827;3828;558;560;564;567;1614;1610;1609;1607;1606;2038;1601;1684;1561;1560;677;1574;1581;1578;1635;1292;1565;1639
5,251;256;4319;257;568;570;2132;2137;2138;2139;2140;2141;3829;3827;3828;558;560;564;567;1614;1610;1609;1607;1606;2038;1601;1684;1561;1560;677;1574;1581;1578;1635;1292;1565;1639;1640
5,251;256;4319;257;568;570;2132;2137;2138;2139;2140;2141;3829;3827;3828;558;560;564;567;1614;1610;1609;1607;1606;2038;1601;1684;1561;1560;677;1574;1581;1578;1635;1292;1568;1677;1676;1675
5,251;256;4319;257;568;570;2132;2137;2138;2139;2140;2141;3829;3827;3828;558;560;564;567;1614;1610;1609;1607;1606;2038;1601;1684;1561;1560;677;1574;1581;1578;1635;1292;1568;1677;1676
5,251;256;4319;257;568;570;2132;2137;2138;2139;2140;2141;3829;3827;3828;558;560;564;567;1614;1610;1609;1607;1606;2038;1601;1684;1561;1560;677;1574;1581;1578;1635;1292;1568;1677
5,251;256;4319;257;568;690;689;739;687;654
5,251;256;4319;257;568;690;689;739;687;654;668;667;665;711;692;658
5,251;256;4319;257;568;570;2132;2137;2138;2139;2140;2141;3829;3827;3828;558;560;564;567;1614;1610;1609;1607;1606;2038;1601;1684
5,251;256;4319;257;568;690;689;739;687;654;668;667;665
5,251;256;4319;257;568;690;689;739;687;654;668;667
5,251;256;4319;257;568;570;2132;2137;2138;2139;2140;2141;3829;3827;3828;558;560;564;567;1614;1610;1609;1607;1606;1692
5,251;256;4319;257;568;570;2132;2137;2138;2139;2140;2141;3829;3827;3828;558;560;564;567;1614;1610;1609;1607;1606;1692;1693
5,251;256;4319;257;568;570;2132;2137;2138;2139;2140;2141;3829;3827;3828;558;560;564;567;1614;1610;1609;1607;1606;1692;1693;1695
5,251;256;4319;257;568;570;2132;2137;2138;2139;2140;2141;3829;3827;3828;558;560;564;567;1614;1610;1609;1607;1606;1692;1693;1695;1698
5,251;256;4319;257;568;570;2132;2137;2138;2139;2140;2141;3829;3827;3828;558;560;564;567;1614;1610;1609;1607;1606;2038;1601;1684;1561;1560;677
5,251;256;4319;257;568;570;2132;2137;2138;2139;2140;2141;3829;3827;3828;558;560;564;567;1614;1610;1609;1607;1606;2038;1601;1684;1561;1560;677;1574;682
5,251;256;4319;257;568;690;689;739;687
5,251;256;4319;257;568;690;689
5,251;256;4319;257;568;690
5,251;256;4319;257;568;570;2132;2137;2138;2139;2140;2141;3829;3827;3828;558;560;564;567;1614;1610;1609;1607;1606;2038;1601;1684;1561;1560;677;1574;1581;1578;1635;1292;1565;1639;1640;1631;691
5,251;256;4319;257;568;690;689;739;687;654;668;667;665;711;692
5,251;256;4319;257;568;570;2132;2137;2138;2139;2140;2141;3829;3827;3828;558;560;564;567;1614;1610;1609;1607;1606;2038;1601;1684;1561;1560;677;1574;1581;1578;1635;1292;1568
5,251;256;4319;257;568;690;689;739;687;654;668;667;665;711;692;658;710
5,251;256;4319;257;568;690;689;739;687;654;668;667;665;711
5,251;256;4319;257;568;690;689;739;687;654;668;667;665;711;692;658;710;724
5,251;256;4319;257;568;690;689;739;687;654;668;667;665;711;692;658;710;724;725
5,251;256;4319;257;568;570;2132;2137;2138;2139;2140;2141;3829;3827;3828;558;560;564;567;1614;1610;1609;1607;1606;2038;1601;1684;1561;1560;677;1574;1581;1578;1635;1292;1565;1639;1640;1631;691;729
5,251;256;4319
5,251;256;4319;257;568;690;689;739
5,251;256;4319;257;568;570;2132;2137;2138;2139;2140;2141;3829;3827
5,251;256;4319;257;568;570;2132;2137;2138;2139;2140;2141;3829;3827;3828
5,251;256;4319;257;568;570;2132;2137;2138;2139;2140;2141;3829
5,
5,251
5,251;256
5,251;256;4319;257
5,251;256;4319;257;568;570;2132;2137;2138;2139;2140;2141;3829;3827;3828;558;560;564;567;1614;1610;1609;1607;1606;2038;1601;1684;1561;1560;259
5,251;256;4319;257;568;570;2132;2137;2138;2139;2140;2141;3829;3827;3828;558;560;564;567;1614;1610;1609;1607;1606;2038;1601;1684;1561;1560;677;1574;1581;1578;1635;1292;1565;1639;1640;1624;1287
5,251;256;4319;257;568;570;2132;2137;2138;2139;2140;2141;3829;3827;3828;558;560;564;567;1614;1610;1609;1607;1606;2038;1601;1684;1561;1560;677;1574;1581;1578;1635;1292;1565;1639;1640;1624;1287;1288
5,251;256;4319;257;568;570;2132;2137;2138;2139;2140;2141;3829;3827;3828;558;560;564;567;1614;1610;1609;1607;1606;2038;1601;1684;1561;1560;677;1574;1581;1578;1635;1292
5,251;256;4319;257;568;570;2132;2137;2138;2139;2140;2141;3829;3827;3828;558;560;564;567;2017;2021;2023;2029;1948;1954;1880;1882;1883;1888;1810
5,251;256;4319;257;568;570;2132;2137;2138;2139;2140;2141;3829;3827;3828;558;560;564;567;2017;2021;2023;2029;1948;1954;1880;1882;1883;1888;1810;1811
5,251;256;4319;257;568;570;2132;2137;2138;1583;1584
5,251;256;839
5,251;256;4319;257;568;570;2132;2137;2138;2139;2140;2141;3829;3827;3828;558;560;564;567;2017;2021;2023;2029;1948;1954;1880;1882;1883;1869
5,251;256;4319;257;568;570;2132;2137;2138;2139;2140;2141;3829;3827;3828;558;560;564;567;2017;2021;2023;2029;1948;1954;1956;1877
5,251;256;4319;257;568;690;689;739;687;654;668;667;665;711;692;658;710;724;1367
5,251;256;4319;257;568;570;2132;2137;2138;2139;2140;2141;3829;3827;3828;558;560;564;567;2017;2021;2023;2029;1948;1954;1880
5,251;858
5,251;256;4319;257;568;570;2132;2137;2138;2139;2140;2141;3829;3827;3828;558;560;564;567;2017;2021;2023;2029;1948;1954;1880;1882;1883
5,251;256;4319;257;568;570;2132;2137;2138;2139;2140;2141;3829;3827;3828;558;560;564;567;2017;2021;2023;2029;1948;1954;1880;1882;1883;1888
5,251;256;4319;257;568;570;2132;2137;2138;2139;2140;2141;3829;3827;3828;558;560;564;567;2017;2021;2023;2029;1948;1954;1956;1877;1959;1962;1966;1967;1923
5,251;256;4319;257;568;570;2132;2137;2138;2139;2140;2141;3829;3827;3828;558;560;564;567;2017;2021;2023;2029;1948;1945;1943;1941;1940;1936
5,251;256;4319;257;568;570;2132;2137;2138;2139;2140;2141;3829;3827;3828;558;560;564;567;2017;2021;2023;2029;1948;1945;1943;1941;1940
5,251;256;4319;257;568;570;2132;2137;2138;2139;2140;2141;3829;3827;3828;558;560;564;567;2017;2021;2023;2029;1948;1945;1943;1941
5,251;256;4319;257;568;570;2132;2137;2138;2139;2140;2141;3829;3827;3828;558;560;564;567;2017;2021;2023;2029;1948;1945;1943
5,251;256;4319;257;568;570;2132;2137;2138;2139;2140;2141;3829;3827;3828;558;560;564;567;2017;2021;2023;2029;1948;1945
5,251;256;4319;257;568;570;2132;2137;2138;2139;2140;2141;3829;3827;3828;558;560;564;567;2017;2021;2023;2029;1948
5,251;256;4319;257;568;570;2132;2137;2138;2139;2140;2141;3829;3827;3828;558;560;564;567;2017;2021;2023;2029;1948;1954
5,251;256;4319;257;568;570;2132;2137;2138;2139;2140;2141;3829;3827;3828;558;560;564;567;2017;2021;2023;2029;1948;1954;1956
5,251;256;4319;257;568;570;2132;2137;2138;2139;2140;2141;3829;3827;3828;558;560;564;567;2017;2021;2023;2029;1948;1954;1956;1877;1959
5,251;256;4319;257;568;690;689;739;687;654;668
5,251;256;4319;257;568;570;2132;2137;2138;2139;2140;2141;3829;3827;3828;558;560;564;567;2017;2021;2023;2029;1948;1954;1956;1877;1959;1962
5,251;256;4319;257;568;570;2132;2137;2138;2139;2140;2141;3829;3827;3828;558;560;564;567;2017;2021;2023;2029;1948;1954;1956;1877;1959;1962;1966
5,251;256;4319;257;568;570;2132;2137;2138;2139;2140;2141;3829;3827;3828;558;560;564;567;2017;2021;2023;2029;1948;1954;1956;1877;1959;1962;1966;1967
5,251;256;4319;257;568;570;2132;2137;2138;2139;2140;2141;3829;3827;3828;558;560;564;567;2017
5,251;256;4319;257;568;570;2132;2137;2138;2139;2140;2141;3829;3827;3828;558;560;564;567;2017;2021
5,251;256;4319;257;568;570;2132;2137;2138;2139;2140;2141;3829;3827;3828;558;560;564;567;2017;2021;2023
5,251;256;4319;257;568;570;2132;2137;2138;2139;2140;2141;3829;3827;3828;558;560;564;567;2017;2021;2023;2029
5,251;256;4319;257;568;570;2132;2137;2138;2139;2140;2141;3829;3827;3828;558;560;564;567;1614;1610;1609;1607;1606;2038;2037
5,251;256;4319;257;568;570;2132;2137;2138;2139;2140;2141;3829;3827;3828;558;560;564;567;1614;1610;1609;1607;1606;2038
6,1717;1718;1719;1725;1895;1894;3384;4451;4452;1701;1683;1815;1784;1781;1780;1778;1792
6,1717;1718;1719;1725;1895;1894;3384;4451;4452;1701;1683;1815;1784;1781;1780;1778;1792;1836;1832;1912;1920
6,1717;1718;1719;1725;1895;1894;3384;4451;4452;1701;1683;1815;1784;1781;1780;1778;1792;1836;1772;2997;2993;2992
6,1900;1901;586;4289
6,1717;1718;1719;1725;1895;1894;3384;4451;4452;1701;1683;1815;1784;1781;1780;1778;1792;1836
6,1717;1718;1719;1725;1895;1894;3384;3379;3376;3375;3372;3371;1103;1104;1105;1106;4305
6,1717;1718;1719;1725;1895;1894;3384;4451;4452;1701;1683;1815;1784;1781;1780;1778;1792;1836;1772;2997;2993;2992;1768;1852;2990;1805
6,1717;1718;1719;1725;1895;1894;3384;3379;3376;3375;3372;3371;1103;1104;1105;1106;4312
6,1717;1718;1719;1725;1895;1894;3384;3379;3376;3375;3372;3371;1103;1104;1105;1106;4305;3307;4302;4301
6,1717;1718;1719;1725;1895;1894;3384;4451;4452;1701;1683
6,1717;1718;1719;1725;1895;1894;3384;4451;4452;1701;1683;1815;1784;1781;1780;1778;1792;1836;1832;1912;1911;1910
6,1717;1718;1719;1725;1895;1894;3384;4451;4452;1701;1683;1815
6,1717;1718;1719;1725;1895;1894;3384;4451;4452;1701;1683;1815;1828;1826;853;3359
6,1717;1718;1719;1725;1895;1894;3384;4451;4452;1701;1683;1815;1784;1781;1780;1778;1792;1836;1772;2997;2993
6,1717;1718;1719;1725;1895;1894;3384;4451;4452;1701;1683;1815;1828;1826
6,1717;1718;1719;1725;1895;1894;3384;4451;4452;1701;1683;1815;1828
6,1717;1718;1719;1725;1895;1894;3384;4451;4452;1701
6,1717;1718;1719;1725;1895;1894;3384;4451;4452;1701;1683;1815;1828;1826;845
6,1717;1718;1719;1725;1895;1894;3384;4451;4452;1701;4322;1704;1737;1736;1706
6,1717;1718;1719;1725;1895;1894;3384;4451;4452;1701;4322;1704
6,1717;1718;1719;1725;1895;1894;3384;3379;3376;3375;3372;3371;3370
6,1717;1718;1719;1725;1895;1894;3384;3379;3376;3375;3372;3371
6,1717;1718;1719;1725;1895;1894;3384;3379;3376;3375;3372
6,1717;1718;1719;1725;1895;1894;3384;4451;4452;1701;1683;1815;1784;1781;1780;1778;1792;1836;1772;2997;2993;2992;1768;1852;2990
6,1717;1718;1719;1725;1895;1894;3384;3379;3376;3375
6,1717;1718;1719;1725;1895;1894;3384;3379;3376
6,1717;1718;1719;1725;1895;1894;3384;4451;4452;1701;4322;1704;1737;1736;1706;2866;3505
6,1717;1718;1719;1725;1895;1894;3384;4451;4452;1701;4322;1704;1737;1736;1706;2866
6,1717;1718;1719;1725;1895;1894;3384;3379
6,1717
6,1717;1718
6,1717;1718;1719
6,1717;1718;1719;1725;1895;1894;3384
6,1717;1718;1719;1725;1895;1894;3384;4451;4452;1701;1683;1815;1784;1781;1780;1778;1792;1836;1772;2997;2993;2992;1768;1852
6,1717;1718;1719;1725
6,1717;1718;1719;1725;1895;1894;3384;4451;4452;1701;1683;1815;1784;1781;1780;1778;1792;1836;1772;2997
6,1717;1718;1719;1725;1895;1894;3384;4451;1088
6,
6,1717;1718;1719;1725;1895;1894;3384;4451;1088;1090
6,1717;1718;1719;1725;1895;1894;3384;4451;4452;1701;1683;1815;1784;1781;1780;1778;1792;1836;1832;1912;1911;1910;1859
6,1717;1718;1719;1725;1895;1894;3384;4451;4452;1701;1683;1815;1784;1781;1780;1778;1792;1836;1832;1912
6,1717;1718;1719;1725;1895;1894;3384;4451;4452;1701;4322;1704;1737;1736
6,1717;1718;1719;1725;1895;1894;3384;4451;4452;1701;4322;1704;1737
6,1900;1901;586
6,1717;1718;1719;1725;1895;1894;3384;3379;3376;3375;3372;3371;1101;1099
6,1717;1718;1719;1725;1895;1894;3384;3379;3376;3375;3372;3371;1101
6,1717;1718;1719;1725;1895;1894;3384;3379;3376;3375;3372;3371;1103;1104;1105;1106;4305;3307;4302
6,1717;1718;1719;1725;1895;1894;3384;3379;3376;3375;3372;3371;1103
6,1717;1718;1719;1725;1895;1894;3384;3379;3376;3375;3372;3371;1103;1104
6,1717;1718;1719;1725;1895;1894;3384;3379;3376;3375;3372;3371;1103;1104;1105
6,1717;1718;1719;1725;1895;1894;3384;3379;3376;3375;3372;3371;1103;1104;1105;1106
6,1717;1718;1719;1725;1895;1894;3384;4451;4452;1701;1683;1815;1784;1781;1780;1778;1792;1836;1832;1912;1911;1910;1859;1891
6,1717;1718;1719;1725;1895;1894;3384;4451;4452;1701;1683;1815;1828;1826;853
6,1900;1901;1904;2776;2774
6,1900;1901;1904;2776
6,1717;1718;1719;1725;1895;1894;3384;3379;3376;3375;3372;3371;1103;1104;1105;1106;4305;3307;4302;3318;3319
6,1717;1718;1719;1725;1895;1894;3384;4451;4452;1701;1683;1815;1784;1781;1780;1778;1792;1836;1772;2013
6,1717;1718;1719;1725;1895;1894;3384;3379;3376;3375;3372;3371;1103;1104;1105;3365
6,1717;1718;1719;1725;1895;1894;3384;4451;4452;1701;4322
6,1717;1718;1719;1725;1895;1894;3384;4451
6,1717;1718;1719;1725;1895;1894;3384;4451;4452
6,1717;1718;1719;1725;1895;1894;3384;4451;4452;1701;1683;1815;1784;1781;1780;1778;1792;1836;1772
6,1717;1718;1719;1725;1895;1894
6,1717;1718;1719;1725;1895
6,1717;1718;1719;1725;1895;1894;3384;4451;4452;1701;1683;1815;1784;1781;1780;1778;1792;1836;1772;2997;2993;2992;1768
6,1717;1718;1719;1725;1895;1894;3384;3379;3376;3375;3372;3371;1103;1104;1105;1106;4305;3307
6,1900
6,1900;1901
6,1717;1718;1719;1725;1895;1894;3384;4451;4452;1701;1683;1815;1784;1781;1780;1778;1792;1836;1772;2013;1981
6,1900;1901;1904
6,1717;1718;1719;1725;1895;1894;3384;4451;4452;1701;1683;1815;1784;1781;1780;1778;1792;1836;1832
6,1717;1718;1719;1725;1895;1894;3384;4451;4452;1701;1683;1815;1784;1781;1780;1778
6,1717;1718;1719;1725;1895;1894;3384;4451;4452;1701;1683;1815;1784;1781;1780
6,1717;1718;1719;1725;1895;1894;3384;4451;4452;1701;1683;1815;1784;1781
6,1717;1718;1719;1725;1895;1894;3384;3379;3376;3375;3372;3371;1103;1104;1105;1106;4305;3307;4302;3318
6,1717;1718;1719;1725;1895;1894;3384;4451;4452;1701;1683;1815;1784;1781;1780;1778;1792;1836;1832;1912;1911
6,1717;1718;1719;1725;1895;1894;3384;4451;4452;1701;1683;1815;1784
6,1717;1718;1719;1725;1895;1894;3384;3379;3376;3375;3372;3371;1103;1104;1105;1106;4305;3307;4302;3318;3319;3322
6,1900;1901;1904;2776;2815;2814;2813
6,1900;1901;1904;2776;2815;2814
6,1900;1901;1904;2776;2815
7,95;3712;3709;4157;4156;4131;4133;4158;4137;4138;4148;4147;4144;4143;3001;4113;1042;2538;2512;3008;3010;4107;2757;4104
7,95;3712;3709;4157;4156;4131;4133;4158;4137;4138;4148;4147;4144;4143;3001;4113;1042;2538;2512;3008;3010;4107
7,95;3712;3709;4077;3713;1012;3714;3240;3241;3245;3246;4559;4558;4553;3983;1397;4549;1400;1401;4545;4567;528;525;524
7,95;3712;3709;4077;3713;1012;3714;3240;3241;3245;3246;4559;4558;4553;3983;1397;4549;1400;1401;4545;4567;528;525
7,95;3712;3709;4077;3713;1012;3714;3240;3241;3245;3246;4559;4558;4553;3983;1397;4549;1400;1401;4545;4567;528
7,95;3712;3709;4157;4156;4131;4133;4158;4137;4138;4148;4147;4144;4143;3001;4113
7,95;3712;3709;4157;4156;4131;4133;4158;4137;4138;4148;4147;4144;4143;3001;4113;1042
7,95;3712;3709;4077;3713;1012;3714;3240;3241;3245;3246;4559;4558;4553;2292;2293;2295;2296;1396;990;1330;1331;1332;1308;3818;1048;1046
7,95;3712;3709;4077;3713;1012;3714;3240;3241;3245;3246;4559;4558;4553;2292;2293;2295;2296;1396;990;1330;1331;1332;1308;3818;1048
7,95;3712;3709;4157;4156;4131
7,95;3712;3709;4157;4156;4131;4133
7,95;3712;3709;4157;4156;4131;4133;4158;4137
7,95;3712;3709;4157;4156;4131;4133;4158;4137;4138
7,95;3712;3709;4157;4156;4131;4133;4158;4137;4138;4148;4147;4144;4143
7,95;3712;3709;4157;4156;4131;4133;4158;4137;4138;4148;4147;4144
7,95;3712;3709;4157;4156;4131;4133;4158;4137;4138;4148;4147
7,95;3712;3709;4157;4156;4131;4133;4158;4137;4138;4148
7,95;3712;3709;4157;4156
7,95;3712;3709;4157
7,95;3712;3709;4157;4156;4131;4133;4158
7,95;3712;3709;4077;3713;1012;3714;3240;3241;3245;3246;4559;4558;4553;2292;2293;2295;2296;1396;990;1330;1331;1332;1308;3803;3817;4043;3928;3927;3945;3143;3142;3138;3137
7,95;3712;3709;4077;3713;1012;3714;3240;3241;3245;3246;4559;4558;4553;2292;2293;2295;2296;1396;990;1330;1331;1332;1308;3803;3817;4043;3928;3927;3945;3143;3142;3138
7,95;3712;3709;4077;3713;1012;3714;3240;3241;3245;3246;4559;4558;4553;3983;1397;4549;1400;1401;4545;4567;3654
7,95;3712;3709;4077;3713;1012;3714;3240;3241;3245;3246;4559;4558;4553;2292;2293;2295;2296;1396;990;1330;1331;1332;1308;3803;3817;4043;3928;3927;3945;3143
7,95;3712;3709;4077
7,
7,95
7,95;3712;3709;4077;3713;1012;3714;3240;3241;3245;3246;4559;4558;4553;2292;2293;2295;2296;1396;990;1330;1331;1332;1308;3803;1128
7,95;3712;3709
7,95;3712
7,95;3712;3709;4077;3713
7,95;3712;3709;4077;3713;1012;3714
7,95;3712;3709;4077;3713;1012;3714;3240;3241;3245;3246;4559;4558;4553;3983;1397;4549
7,95;3712;3709;4077;3713;1012;3714;3240
7,95;3712;3709;4077;3713;1012;3714;3240;3241
7,95;3712;3709;4077;3713;1012;3714;3240;3241;3245
7,95;3712;3709;4077;3713;1012;3714;3240;3241;3245;3246
7,95;3712;3709;4157;4156;4131;4133;4158;4137;4138;4148;4147;4144;4143;3001;4113;1042;2538;2512;3008;3010;4107;2757;4104;2746;2743;2741
7,95;3712;3709;4157;4156;4131;4133;4158;4137;4138;4148;4147;4144;4143;3001;4113;1042;2538;2512;3008;3010;4107;2757;4104;2746;2743
7,95;3712;3709;4157;4156;4131;4133;4158;4137;4138;4148;4147;4144;4143;3001;4113;1042;2538;2512;3008;3010;4107;2757;4104;2746
7,95;3712;3709;4157;4156;4131;4133;4158;4137;4138;4148;4147;4144;4143;3001;4113;1042;2538;2512;3008;3010;4107;2757;2751
7,95;3712;3709;4157;4156;4131;4133;4158;4137;4138;4148;4147;4144;4143;3001;4113;1042;2538;2512;3008;3010;4107;2757;2751;2752
7,95;3712;3709;4157;4156;4131;4133;4158;4137;4138;4148;4147;4144;4143;3001;4113;1042;2538;2512;3008;3010;4107;2757;2751;2752;2754
7,95;3712;3709;4157;4156;4131;4133;4158;4137;4138;4148;4147;4144;4143;3001;4113;1042;2538;2512;3008;3010;4107;2757
7,95;3712;3709;4077;3713;1012;3714;3240;3241;3245;3246;4559;4558;4553;2292;2293;2295;2296;1396;990;1330;1331;1332;1308;3803;3817;4043;3928
7,95;3712;3709;4077;3713;1012;3714;3240;3241;3245;3246;4559;4558;4553;2292;2293;2295;2296;1396;990;1330;1331;1332;1308;3803
7,95;3712;3709;4077;3713;1012;3714;3240;3241;3245;3246;4559;4558;4553;2292;2293;2295;2296;1396;990;1330;1331;1332;1308;3803;1128;3807
7,95;3712;3709;4077;3713;1012;3714;3240;3241;3245;3246;4559;4558;4553;2292;2293;2295;2296;1396;990;1330;1331;1332;1308;3803;3817
7,95;3712;3709;4077;3713;1012;3714;3240;3241;3245;3246;4559;4558;4553;2292;2293;2295;2296;1396;990;1330;1331;1332;1308;3818
7,95;3712;2290
7,95;3712;3709;4077;3713;1012;3714;3240;3241;3245;3246;4559;4558;4553;2292
7,95;3712;3709;4077;3713;1012;3714;3240;3241;3245;3246;4559;4558;4553;2292;2293
7,95;3712;3709;4077;3713;1012;3714;3240;3241;3245;3246;4559;4558;4553;2292;2293;2295
7,95;3712;3709;4077;3713;1012;3714;3240;3241;3245;3246;4559;4558;4553;2292;2293;2295;2296
7,95;3712;2290;3200
7,95;3712;3709;4157;4156;4131;4133;4158;4137;4138;4148;4147;4144;4143;3001;4113;1042;2538;2512;3008;3010;2516;2517;2518
7,95;3712;3709;4157;4156;4131;4133;4158;4137;4138;4148;4147;4144;4143;3001;4113;1042;2538;2512;3008;3010;2516;2517;2518;2519
7,95;3712;3709;4077;3713;1012;3714;3240;3241;3245;3246;4559;4558;4553;2292;2293;2295;2296;1396;990;1330;1331;1332;1308
7,95;3712;3709;4077;3713;1012;3714;3240;3241;3245;3246;4559;4558;4553;2292;2293;2295;1317
7,95;3712;3709;4077;3713;1012;3714;3240;3241;3245;3246;4559;4558;4553;2292;2293;2295;1317;1318
7,95;3712;3709;4157;4156;4131;4133;4158;4137;4138;4148;4147;4144;4143;1321
7,95;3712;3709;4157;4156;4131;4133;4158;4137;4138;4148;4147;4144;4143;1321;1324
7,95;3712;3709;4077;3713;1012;3714;3240;3241;3245;3246;4559;4558;4553;2292;2293;2295;2296;1396;990;1330
7,95;3712;3709;4077;3713;1012;3714;3240;3241;3245;3246;4559;4558;4553;2292;2293;2295;2296;1396;990;1330;1331
7,95;3712;3709;4077;3713;1012;3714;3240;3241;3245;3246;4559;4558;4553;2292;2293;2295;2296;1396;990;1330;1331;1332
7,95;3712;3709;4077;3713;1012;3714;3240;3241;3245;3246;4559;4558;4553;2292;2293;2295;2296;1396;990;1330;1331;1332;1308;3803;3817;4043;3928;3927
7,95;3712;2290;3200;4003;347;346;3990;344
7,95;3712;2290;3200;4003;347;346
7,95;3712;2290;3200;4003;347
7,95;3712;3709;4077;3713;1012;3714;3240;3241;3245;3246;4559;4558;4553;2292;2293;2295;2296;1396;990;1330;1331;1332;1308;3818;1048;1046;4444
7,95;3712;3709;4077;3713;1012;3714;3240;3241;3245;3246;4559;4558;4553;2292;2293;2295;2296;1396;990;1330;1331;1332;1308;3818;1048;1046;4444;4448
7,95;3712;3709;4077;3713;1012;3714;3240;3241;3245;3246;4559;4558;4553;2292;2293;2295;2296;1396;990;1330;1331;1332;1308;3803;3817;4043;3928;3927;3945;3944
7,95;3712;3709;4077;3713;1012;3714;3240;3241;3245;3246;4559;4558;4553;2292;2293;2295;2296;1396;990;1330;1331;1332;1308;3803;3817;4043;3928;3927;3945
7,95;3712;3709;4077;3713;1012;3714;3240;3241;3245;3246;4559;4558;4553;2292;2293;2295;2296;1396;990;1330;1331;1332;1308;3803;3817;4043;3928;3927;3945;3944;3946
7,95;3712;3709;4077;3713;1012;3714;3240;3241;3245;3246;4559;4558;4553;3983;1397;4549;1400;1401;4545;4567;528;525;524;3949
7,95;3712;3709;4077;3713;1012;3714;3240;3241;3245;3246;4559;4558;4553;2292;2293;2295;2296;1396
7,95;3712;3709;4077;3713;1012;3714;3240;3241;3245;3246;4559;4558;4553;3983;1397
7,95;3712;3709;4077;3713;1012;3714;3240;3241;3245;3246;4559;4558;4553;3983;1397;4549;1400
7,95;3712;3709;4077;3713;1012;3714;3240;3241;3245;3246;4559;4558;4553;3983;1397;4549;1400;1401
7,95;3712;3709;4157;4156;4131;4133;4158;4137;4138;4148;4147;4144;4143;3001;4113;1042;2538;2512;3008;3010;4107;2757;2751;2752;2439;2438;2434
7,95;3712;3709;4157;4156;4131;4133;4158;4137;4138;4148;4147;4144;4143;3001;4113;1042;2538;2512;3008;3010;4107;2757;2751;2752;2439;2438
7,95;3712;3709;4157;4156;4131;4133;4158;4137;4138;4148;4147;4144;4143;3001;4113;1042;2538;2512;3008;3010;4107;2757;2751;2752;2439
7,95;3712;3709;4077;3713;1012;3714;3240;3241;3245;3246;4559;4558;4553;3983
7,95;3712;2290;3200;4003;347;346;3990
7,95;3712;3709;4157;4156;4131;4133;4158;4137;4138;4148;4147;4144;4143;3001;928
7,95;3712;2290;3200;4003
7,95;3712;3709;4077;3713;1012;3714;3240;3241;3245;3246;4559;4558;4553;2292;2293;2295;2296;1396;990;1330;1331;1332;1308;3803;3817;4043;3928;3927;3945;3143;3142
7,95;3712;3709;4157;4156;4131;4133;4158;4137;4138;4148;4147;4144;4143;3001;928;982;934
7,95;3712;3709;4157;4156;4131;4133;4158;4137;4138;4148;4147;4144;4143;3001;928;982;934;979;937
7,2486
7,95;3712;3709;4157;4156;4131;4133;4158;4137;4138;4148;4147;4144;4143;3001
7,95;3712;3709;2491
7,95;3712;3709;4157;4156;4131;4133;4158;4137;4138;4148;4147;4144;4143;3001;4113;1042;2538;2512;3008
7,95;3712;3709;4077;3713;1012;3714;3240;3241;3245;3246;4559;4558;4553;3983;1397;4549;1400;1401;4545
7,95;3712;3709;4157;4156;4131;4133;4158;4137;4138;4148;4147;4144;4143;3001;4113;1042;2538;2512;3008;3010
7,95;3712;3709;4157;4156;4131;4133;4158;4137;4138;4148;4147;4144;4143;3001;4113;1042;2501
7,95;3712;3709;4157;4156;4131;4133;4158;4137;4138;4148;4147;4144;4143;3001;4113;1042;2502
7,95;3712;3709;4077;3713;1012;3714;3240;3241;3245;3246;4559;4558;4553
7,95;3712;3709;4077;3713;1012;3714;3240;3241;3245;3246;4559;4558;4553;2292;2293;2295;2296;1396;990;1330;1331;1332;1308;3803;3817;4043
7,95;3712;3709;4077;3713;1012;3714;3240;3241;3245;3246;4559;4558
7,95;3712;3709;4077;3713;1012;3714;3240;3241;3245;3246;4559
7,95;3712;3709;4157;4156;4131;4133;4158;4137;4138;4148;4147;4144;4143;3001;4113;1042;2538;2512
7,95;3712;3709;4157;4156;4131;4133;4158;4137;4138;4148;4147;4144;4143;3001;928;982;934;979
7,95;3712;3709;4157;4156;4131;4133;4158;4137;4138;4148;4147;4144;4143;3001;4113;1042;2538;2512;3008;3010;2516
7,95;3712;3709;4157;4156;4131;4133;4158;4137;4138;4148;4147;4144;4143;3001;4113;1042;2538;2512;3008;3010;2516;2517
7,95;3712;3709;4157;4156;4131;4133;4158;4137;4138;4148;4147;4144;4143;3001;928;982
7,95;3712;3709;4077;3713;1012;3714;3240;3241;3245;3246;4559;4558;4553;3983;1397;4549;1400;1401;4545;4567
7,95;3712;3709;4157;4156;4131;4133;4158;4137;4138;4148;4147;4144;4143;3001;4113;1042;2538;2512;3008;3010;2516;2517;2518;2519;2521
7,95;3712;3709;4077;3713;1012;3714;3240;3241;3245;3246;4559;4558;4553;2292;2293;2295;2296;1396;990
7,95;3712;3709;4077;3713;1012;3714;3240;3241;3245;3246;4559;4558;4553;2292;2293;2295;2296;1396;990;1330;996
7,95;3712;3709;4157;4156;4131;4133;4158;4137;4138;4148;4147;4144;4143;3001;4113;1042;2538
7,95;3712;3709;4157;4156;4131;4133;4158;4137;4138;4148;4147;4144;4143;3001;928;982;934;1005
7,95;3712;3709;4077;3713;1012
7,95;3712;3709;4157;4156;4131;4133;4158;4137;4138;4148;4147;4144;4143;3001;928;982;934;979;937;1020
8,4006;4183;869;870;4180;3433;1478;1477;1502;1496;1481;1492;1483;1485;1516;1487;1549;1550;1533;1294;3439;1279;3441;4163;2566;1282;2561
8,4006;4183;869;870;4180;3433;1478;1477;1502;1496;1481;1492;1483;1485;1516;1487;1549;1550;1533;1294;3439;1279;3441;4163;2566
8,4006;4183;869;870;4180;3433;1478;1477;1502;1496;1481;1492;1483;1485;1516;3642;1544
8,4006;4183;869;870;4180;3433;1478;1477;1502;1496;1481;1492;1483;1485;1516;1487;1549
8,4006;4183;869;870;4180;3433;1478;1477;1502;1496;1481;1492;1483;1485;1516;1487;1549;1550
8,4006;4183;869;870;4180;3433;1478;1477;1502;1496;1481;1492;1483;3444;864;3802;352;2496;2499;2495;2500;1386;3450;1274;3452;1390;2543;1373;1372;2539;644;702;647;698;1619;1620
8,1430;3645;3116
8,4006;4022;4019
8,4006;4183;869;870;4180;3433;1478;1477;1502;1496;1481;1492;1483;1485;1516;3642
8,1430;3645
8,1430;3645;3647
8,1430;3645;3647;3648
8,4006;4183;869;870;4180;3433;1478;1477;1502;1496;1481;1492;1483;3444;864
8,4006;4183;869;870;4180;3433;1478;1477;1502;1496;1481;1492;1483;1485;1516;1487;1549;1550;1533;1294;3439;1279;3441;4163
8,1430;3645;3647;3648;3652
8,4006;4183;869;870;4180;3433;4177
8,4006;4183;869;870;4180;3433;1478;1477;1502;1496;1481;1492;1483;3444;864;3802;352;2496;2499;2495;2500;1386;3450;1274;3452;1390;2543;1373;1372;2539;644;702;647;698;1619
8,4006;4183;869;870;4180
8,4006;4183
8,4006;4022;4019;4012;4018;4078;4187
8,4006;4022;4019;4012;4018;4078;4187;4188
8,1430;1443;3206;1525;1465;3192
8,4006;4183;869;870;4180;3433;1478;1477;1502;1496;1481;1492;1483;3444;864;3802;352;2496;2499;2495
8,4006;4183;869;870;4180;3433;1478;1477;1502;1496;1481;1492;1483;3444;864;3802;352;2496
8,4006;4183;869;870;4180;3433;1478;1477;1502;1496;1481;1492;1483;3444;864;3802;352;2496;2499;2495;2500;1386;3450;1274;3452;1390;2543;1373;1372;2539;644
8,1430;1443;3206
8,4006;4183;869;870;4180;3433;1478;1477;1502;1496;1481;1492;1483;3444;864;3802;352;2496;2499;2495;2500;1386;3450;1274;3452;1390;2543;1373;1372;2539;644;702;647
8,4006;4183;869;870;4180;3433;1478;1477;1502;1496;1481;1492;1483;3444;864;3802;352;2496;2499;2495;2500;1386;1521;3222;3212;3210
8,4006;4183;869;870;4180;3433;1478;1477;1502;1496;1481;1492;1483;3444;864;3802;352;2496;2499;2495;2500;1386;3450;1274;3452;1390;2543;1373;1372;2539;644;702;647;698;3051;651
8,4006;4183;869;870;4180;3433;1478;1477;1502;1496;1481;1492;1483;3444;864;3802;352;2496;2499;2495;2500;1386;1521;3222;3212
8,
8,4006;4183;869;870;4180;3433;1478;1477;1502;1496;1481;1492;1483;3444;864;3802;352;2496;2499;2495;2500;1386;3450;1274;3452;1273;1272;3456;3457;3218
8,4006;4183;869;870;4180;3433;1478;1477;1502;1496;1481;1492;1483;3444;864;3802;352;2496;2499;2495;2500;1386;1521;3222
8,1430;3645;3116;153
8,1430;3645;3116;153;154
8,4006;4022;4019;1454;4037
8,4006;4183;869;870;4180;3433;1478;1477;1502;1496;1481;1492;1483;3444;864;3802;352;2496;2499;2495;2500;1386;1521;3222;3212;3210;3237
8,4006;4183;869;870;4180;3433;1478;1477;1502;1496;1481;1492;1483;3444;864;3802;352;2496;2499;2495;2500;1386;3450;1274;3452;1390;2543;1373;1372;2539;644;702;647;698
8,4006;4183;869;870;4180;3433;1478;1477;1502;1496;1481;1492;1483;3444;864;3802;352;2496;2499;2495;2500;1386;3450;1274;3452;1390;2543;1373;1372;2539;644;702
8,4006;4183;869;870;4180;3433;1478;1477;1502;1496;1481;1492;1483;3444;864;3802
8,4006;4022;4019;1454;4037;4036;4478;4032;4031
8,4006;4183;869;870;4180;3433;1478;1477;1502;1496;1481;1492;1483;3444;864;3802;352;2496;2499;2495;2500;1386;3450;1274;3452;1273;1272;3456;3457;3458;3461;3462;3463;1262;3466;3469;3470;1255
8,4006;4183;869;870;4180;3433;1478;1477;1502;1496;1481;1492;1483;3444;864;3802;352;2496;2499;2495;2500;1386;3450;1274;3452;1273;1272;3456;3457;3458;3461;3462;3463;1262
8,4006;4183;869;870;4180;3433;1478;1477;1502;1496;1481;1492;1483;3444;864;3802;352;2496;2499;2495;2500;1386;3450;1274;3452;1273;1272
8,4006;4183;869;870;4180;3433;1478;1477;1502;1496;1481;1492;1483;3444;864;3802;352;2496;2499;2495;2500;1386;3450;1274;3452;1273
8,4006;4183;869;870;4180;3433;1478;1477;1502;1496;1481;1492;1483;3444;864;3802;352;2496;2499;2495;2500;1386;3450;1274
8,4006;4183;869;870;4180;3433;1478;1477;1502;1496;1481;1492;1483;1485;1516;1487;1549;1550;1533;1294;3439;1279
8,4006;4183;869;870;4180;3433;1478;1477;1502;1496;1481;1492;1483;1485;1516;1487;1549;1550;1533;1294;3439;1279;3441;4163;2566;1282
8,4006;4183;869;870;4180;3433;1478;1477;1502;1496;1481;1492;1483;3444;864;3802;352;2496;2499;2495;2500;1386;3450;1274;3452;1273;1272;3456;3457;3458
8,4006;4183;869;870;4180;3433;1478;1477;1502;1496;1481;1492;1483;1485;1516;1487;1549;1550;1533;1294
8,4006;4022;4019;1454;4037;4036;4478;4032;4031;4482;3908
8,4006;4022;4019;1454;4037;4036;4478;4032;4031;4482;3911;3910
8,4006;4022;4019;1454;4037;4036;4478;4032;4031;4482;3911
8,4006;4022;4019;1454;4037;4036;4478;4032;4031;4482;3911;3910;3914
8,4006;4183;869;870;4180;3433;1478;1477;1502;1496;1481;1492;1483;3444;864;3802;352;2496;2499;2495;331
8,4006;4183;869;870;4180;3433;1478;1477;1502;1496;1481;1492;1483;3444;864;3802;352;2496;2499;2495;2500;1386;3450;1274;3452;1273;1272;3456;3457;3458;3461;3462;3463;1262;3466;3469
8,4006;4183;869;870;4180;3433;1478;1477;1502;1496;1481;1492;1483;3444;864;3802;352;2496;2499;2495;2500;1386;3450;1274;3452;1390;2543;1373;1372
8,4006;4183;869;870;4180;3433;1478;1477;1502;1496;1481;1492;1483;3444;864;3802;352;2496;2499;2495;2500;1386;3450;1274;3452;1390;2543;1373
8,4006;4183;869;870;4180;3433;1478;1477;1502;1496;1481;1492;1483;3444;864;3802;352
8,4006;4183;869
8,4006;4183;869;870
8,4006;4183;869;870;4180;3433
8,4006;4183;869;870;4180;3433;1478;1477;1502;1496;1481;1492;1483;3444;864;3802;352;2496;2499;2495;2500;1386
8,4006;4183;869;870;4180;3433;1478;1477;1502;1496;1481;1492;1483;3444;864;3802;352;2496;2499;2495;2500;1386;3450;1274;3452;1390
8,4006;4183;869;870;4180;3433;1478;1477;1502;1496;1481;1492;1483;1485;1516;1487;1549;1550;1533;1294;3439
8,4006;4022;4019;1454;4037;4036
8,4006;4183;869;870;4180;3433;1478;1477;1502;1496;1481;1492;1483;1485;1516;1487;1549;1550;1533;1294;3439;1279;3441
8,4006;4183;869;870;4180;3433;1478;1477;1502;1496;1481;1492;1483;3444
8,4006;4183;869;870;4180;3433;1478;1477;1502;1496;1481;1492;1483;3444;864;3802;352;2496;2499;2495;2500;1386;3450;1274;3452;1273;1272;3456;3457;3218;4469
8,4006;4022;4019;1454;4037;4036;4478;4032;4031;4482;3908;3961
8,4006;4183;869;870;4180;3433;1478;1477;1502;1496;1481;1492;1483;3444;864;3802;352;2496;2499;2495;2500;1386;3450
8,4006;4183;869;870;4180;3433;1478;1477;1502;1496;1481;1492;1483;3444;864;3802;352;2496;2499;2495;2500;1386;3450;1274;3452
8,4006;4022;4019;1454;4037;4036;4478;4032;4031;4482;3911;3910;3914;3965
8,4006;4022;4019;1454;4037;4036;4478
8,4006;4183;869;870;4180;3433;1478;1477;1502;1496;1481;1492;1483;3444;864;3802;352;2496;2499;2495;2500;1386;3450;1274;3452;1273;1272;3456
8,4006;4183;869;870;4180;3433;1478;1477;1502;1496;1481;1492;1483;3444;864;3802;352;2496;2499;2495;2500;1386;3450;1274;3452;1273;1272;3456;3457
8,4006;4022;4019;1454;4037;4036;4478;4032;4031;4482
8,4006;4183;869;870;4180;3433;1478;1477;1502;1496;1481;1492;1483;3444;864;3802;352;2496;2499;2495;2500;1386;3450;1274;3452;1390;2543;1373;1372;2539;644;702;647;698;3051
8,4006;4183;869;870;4180;3433;1478;1477;1502;1496;1481;1492;1483;3444;864;3802;352;2496;2499;2495;2500;1386;3450;1274;3452;1273;1272;3456;3457;3458;3461
8,4006;4183;869;870;4180;3433;1478;1477;1502;1496;1481;1492;1483;3444;864;3802;352;2496;2499;2495;2500;1386;3450;1274;3452;1273;1272;3456;3457;3458;3461;3462
8,4006;4183;869;870;4180;3433;1478;1477;1502;1496;1481;1492;1483;3444;864;3802;352;2496;2499;2495;2500;1386;3450;1274;3452;1273;1272;3456;3457;3458;3461;3462;3463
8,4006;4183;869;870;4180;3433;1478;1477;1502;1496;1481;1492;1483;3444;864;3802;352;2496;2499;2495;2500;1386;3450;1274;3452;1390;2543;3053;3052
8,4006;4183;869;870;4180;3433;1478;1477;1502;1496;1481;1492;1483;3444;864;3802;352;2496;2499;2495;2500;1386;3450;1274;3452;1273;1272;3456;3457;3458;3461;3462;3463;1262;3466
8,1430;1443;3981
8,4006;4183;869;870;4180;3433;1478;1477;1502;1496;1481;1492;1483;3444;864;3802;352;2496;2499;2495;2500;1386;3450;1274;3452;1273;1272;3456;3457;3458;3461;3462;3463;1262;3466;3469;3470
8,1430
8,1430;1443
8,4006
8,4006;4183;869;870;4180;3433;1478;1477;1502;1496;1481;1492;1483;3444;864;3802;352;2496;2499;2495;2500;1386;1521
8,4006;4022;4019;4012
8,4006;4022;4019;1454;1453
8,4006;4022;4019;1454
8,4006;4022;4019;4012;4018
8,1430;3645;1459
8,4006;4022
8,1430;1443;3206;1525;1465
8,4006;4183;869;870;4180;3433;1478;1477;1502;1471
8,4006;4022;4019;1454;4037;4036;4478;4032
8,4006;4183;869;870;4180;3433;1478;1477;1502;1496;1481;1492;1483;3444;864;3802;352;2496;2499
8,4006;4183;869;870;4180;3433;1478;1477;1502;1496;1481;1492;1483;3444;864;3802;352;2496;2499;2495;2500
8,4006;4183;869;870;4180;3433;1478;1477
8,4006;4183;869;870;4180;3433;1478
8,4006;4183;869;870;4180;3433;1478;1477;1502;1496;1481
8,4006;4183;869;870;4180;3433;1478;1477;1502;1496;1481;1492;1483
8,4006;4183;869;870;4180;3433;1478;1477;1502;1496;1481;1492;1483;1485
8,4006;4183;869;870;4180;3433;1478;1477;1502;1496;1481;1492;1483;1485;1516;1487
8,4006;4183;869;870;4180;3433;1478;1477;1502;1496;1481;1492
8,4006;4183;869;870;4180;3433;1478;1477;1502;1496
8,4006;4183;869;870;4180;3433;1478;1477;1502;1496;1481;1492;1483;3444;864;3802;352;2496;2499;2495;2500;1386;3450;1274;3452;1273;1272;3456;3457;3458;3461;3462;3463;1262;3036
8,4006;4183;869;870;4180;3433;1478;1477;1502
8,4006;4183;869;870;4180;3433;1478;1477;1502;1496;1481;1492;1483;3444;864;3802;352;2496;2499;2495;2500;1386;3450;1274;3452;1390;2543;3053;3042
8,4006;4183;869;870;4180;3433;1478;1477;1502;1496;1481;1492;1483;3444;864;3802;352;2496;2499;2495;2500;1386;3450;1274;3452;1390;2543;1373;1372;2539;644;702;647;698;3051;3049
8,4006;4183;869;870;4180;3433;1478;1477;1502;1496;1481;1492;1483;3444;864;3802;352;2496;2499;2495;2500;1386;3450;1274;3452;1390;2543;1373;1372;2539
8,4006;4183;869;870;4180;3433;1478;1477;1502;1496;1481;1492;1483;1485;1516
8,4006;4183;869;870;4180;3433;1478;1477;1502;1496;1481;1492;1483;3444;864;3802;352;2496;2499;2495;2500;1386;3450;1274;3452;1390;2543;3053
8,4006;4022;4019;4012;4018;4078
8,4006;4183;869;870;4180;3433;1478;1477;1502;1496;1481;1492;1483;3444;864;3802;352;2496;2499;2495;2500;1386;3450;1274;3452;1390;2543
8,4006;4022;4019;4012;4018;4078;4187;4188;4081
8,1430;1443;3206;1525
8,4006;4183;869;870;4180;3433;1478;1477;1502;1496;1481;1492;1483;1485;1516;1487;1549;1550;1533;1294;2553
8,4006;4183;869;870;4180;3433;1478;1477;1502;1496;1481;1492;1483;1485;1516;1487;1549;1550;1533
9,2466;3134;3135;167;1203;178;1302;1298;126;170;129;272;2984;132;136;137;454;2472;2452;2450;2475;3278;3277;3275;3272;3271;517;2431;512
9,2466;3134;3135;167;1203;178;1302;1298;126;170;129;272;2984;132;136;137;454;2472;2452;2450;2475;3278;3277;3275;3272;3271;517
9,2466;119;2455;117;1161;477;1158;3080
9,2466;3134;3135;167;1203;178;1302;1298;126;170;129;272;2984;132;136;137;454;2472;2452;2450;2475;3278;3277;3275;3272;3271;3270;521
9,2466;119;2455;117;1161;477;1158;3080;111;3082
9,2466;119;2455;117;1161;477;1158;3080;111;3082;482;1153;1152;3085
9,2466;119;2455;117;1161;477;1158;3080;111;3082;482;1153;1152;3085;3086
9,2466;119;2455;117;1161;2580
9,2466;3134;3135;167;1203;178;1302;1298;126;170;129;272;2984;132;136;137;454;2472;2452;2450;2475;3278;3277;3275;3272;3271;3270;521;3026;4093;4095;3021;3019
9,2466;119;2455;117;1161;2580;189;3127
9,2466;3134
9,2466;3134;3135
9,2466;3134;3135;167;1203;178;1302;1298;126;170;129;272;2984;132;136;137;454;2472;2452;2450;2475;3278;3277;3275;3272;3271;3270;521;3026;2726;504;3030;3031;2443;3742;3740;2981;2979;434;435;438;439;3181;3668;3664;3660
9,2466;3134;3135;167;1203;178;1302;1298;126;170;129;272;2984;132;136;137;454;2472;2452;2450;2475;3278;3277;3275;3272;3271;3270;521;3026;2726;504;3030;610
9,2466;3134;3135;167;1203;178;1302;1298;126;170;129;272;2984;132;136;137;454;2472;2452;2450;2475;3278;3277;3275;3272;3271;3270;521;3026;2726;504;3030;3031;2443;3742;3740;2981;2979;434;435;438;439;3181;3668;3664
9,2466;3134;3135;167;1203;178;1302;1298;126;170;129;272;2984;132;136;137;454;2472;2452;2450;2475;3278;3277;3275;3272;3271;3270;521;3026;2726;504;3030;3031;2443;3742;3740;2981;2979;434;435;438;439;3181;3668
9,2466;3134;3135;167;1203;178;1302;1298;126;170;129;272;2984;132;136;137;454;2472;2452;2450;2475;3278;3277;3275;3272;3271;3270;521;3026;2726;504;3030;3031;2443;3742;3740;2981;2979;434;435;438;439;3181;3668;3670
9,2466;3134;3135;167;1203;178;1302;1298;126;170;129;272;2984;132;136;137;454;2472;2452;2450;2475;3278;3277;3275;3272;3271;3270;521;3026;2726;504;3030;3031;2443;3742;3740;2981;2979;434;435;438;439;3181;3668;3670;3671
9,2466;119;2455;117;1161;477;1158;3080;111;3082;482;1153;1152;3085;3086;3676;3675
9,2466;119;2455;117;1161;477;1158;3080;111;3082;482;1153;1152;3085;3086;3676
9,
9,98
9,98;99
9,2466;3134;3135;167;1203;178;1302;1298;126;170;129;272;2984;132;136;137;454;2472;2452;2450;2475;3278;3277;3275;4196
9,2466;119;2455;117;1161;477;1158;3080;111;3082;4068;102
9,2466;3134;3135;167;1203;178;1302;1298;126;170;129;272;2984;132;136;137;454;2472;2452;2450;2475;3278;3277;3275;3272;3271;3270;521;3026;2726;504;3030;3031;2443;3742;3740;2981;2979;434;435;438;439;3181
9,2466;3134;3135;167;1203;178;1302;1298;126;170;129;272;2984;132;136;137;454;2472;2452;2450;2475;3278;3277;3275;3272;3271;3270;521;3026;2726;504;3030;3031;2443;3742;3740;2981;2979;434;435;438;439;3181;3182
9,2466;3134;3135;167;1203;178;1302;1298;126;1213
9,2466;3134;3135;167;1203;178;1302;1298;126;170;129;272;2984;132;136;137;454;2472;2471;336;3995;3993
9,2466;119;2455;117
9,2466;119
9,2466;3134;3135;167;1203;178;1302;1298;126
9,2466;119;2455;117;1161;477;1158;3080;111;3082;482;1153;1152;1151
9,2466;119;2455;117;1161;477;1158;3080;111;3082;482;1153;1152
9,2466;3134;3135;167;1203;178;1302;1298;126;170;129
9,2466;3134;3135;167;1203;178;1302;1298;126;170;129;272;2984;132
9,2466;119;2455;117;1161;477;1158
9,2466;3134;3135;167;1203;178;1302;1298;126;170;129;272;2984;132;136
9,2466;119;2455;117;1161
9,2466;3134;3135;167;1203;178;1302;1298;126;170;129;272;2984;132;136;137;454;2472;2452;2450;2475;3278;3277;3275;3272;3271;3270;521;3026;2726;504;3030;3031;2443;3742;3740;2981;2979;434;435;438;439;3181;3668;3664;3660;500;890;892;3728;894;3725
9,2466;119;1166
9,2466;3134;3135;167;1203;178;1302;1298;126;170;129;272;2984;132;136;137;454;2472;2452;2450;2475;3278;3277;3275;3272;3271;3270;521;3026;2726;504;3030;3031;2443;3742;3740;2981;2979;434;435;438;439;3181;3668;3664;3660;500;890;892;3728
9,2466;3134;3135;167;1203;178;1302;1298;126;170;129;272;2984;132;136;137;454;2472;2452;2450;2475;3278;3277;3275;3272;3271;3270;521;3026;2726;504;3030;3031;2443;3742;3740;2981;2979;434;435;438;439;3181;3668;3664;3660;500;890;892;3390;830;3391;3393;827;924;3397;192;195
9,2466;119;2455;117;1161;477;1158;3080;111
9,2466;3134;3135;167;1203;178;1302;1298;126;170;129;272;2984;132;136;137;454;2472;2452;2450;2475;3278;3277;3275;3272;3271;3270;521;3026;2726;504;3030;3031;2443;3742;3740
9,2466;3134;3135;167;1203;178;1302;1298;126;170;129;272;2984;132;136;137;454;2472;2452;2450;2475;3278;3277;3275;3272;3271;3270;521;3026;2726;504;3030;3031;2443;3742
9,2466;3134;3135;167;1203;178;1302;1298;126;170;129;272;2984;132;136;137;454;2472;2452;2450;2475;3278;3277;3275;3272;3271;3270;521;3026;4093;4095;2720
9,2466;3134;3135;167;1203;178;1302;1298;126;170;129;272;2984;132;136;137;454;2472;2452;2450;2475;3278;3277;3275;3272;3271;3270;521;3026;2726
9,2466;3134;3135;167
9,2466;3134;3135;167;1203;178;1302;1298;126;170
9,2466;3134;3135;167;1203;178;1302;1298;126;170;129;272;2984;132;136;137;454;2472;2452;2450;2475;3278;3277;3275;4196;441;448;450;2972;1195
9,2466;119;2455;117;1161;477;1158;3080;111;172
9,2466;3134;3135;167;1203;178;1302;1298;126;170;129;272;2984;132;136;137;454;2472;2452;2450;2475;3278;3277;3275;4196;441;448;450;2972;1200
9,98;99;1224
9,2466;3134;3135;167;1203;178
9,2466;3134;3135;167;1203
9,2466;3134;3135;167;1203;178;1302;1298;126;1213;1211
9,2466;119;2455;117;1161;2580;189
9,2466;3134;3135;167;1203;178;1302;1298;126;170;129;272;2984;132;136;137;454;2472;2452;2450;2475;3278;3277;3275;3272;3271;3270;521;3026;2726;504;3030;3031;2443;3742;3740;2981;2979;434;435;438;439;3181;3668;3664;3660;500;890;892;3390;830;3391;3393;827;924;3397;192
9,2466;119;2455;117;1161;477;1158;3080;111;172;1219
9,2466;3134;3135;167;1203;178;1302;1298;126;170;129;272;2984;132;136;137;454;2472;2452;2450;2475;3278;3277;3275;3272;3271;3270;521;3026;2726;504;3030;3031;2443;3742;3740;2981;2979;434;435;438;439;3181;3668;3664;3660;500;890;892;3390;830;3391;3393;827;924;3397;192;195;196
9,2466;3134;3135;167;1203;178;1302;1298;126;170;129;272;2984;132;136;137;454;2472;2452;2450;2475;3278;3277;3275;3272;3271;3270
9,2466;3134;3135;167;1203;178;1302;1298;126;170;129;272;2984;132;136;137;454;2472;2452;2450;2475;3278;3277;3275;3272;3271
9,2466;3134;3135;167;1203;178;1302;1298;126;170;129;272;2984;132;136;137;454;2472;2452;2450;2475;3278;3277;3275;3272
9,2466;3134;3135;167;1203;178;1302;1298;126;170;129;272;2984;132;136;137;454;2472;2452;2450;2475;3278;3277;3275;3272;3271;3270;521;3026;2726;504;3030;3031;2443;3742;3740;2981;2979;434;435;438;439;3181;3668;3664;3660;500;890;892;3390;830;3391;3393;827;924;3397;192;195;196;200;201
9,2466;3134;3135;167;1203;178;1302;1298;126;170;129;272;2984;132;136;137;454;2472;2452;2450;2475;3278;3277;3275
9,2466;119;2455;117;1161;477;1158;3080;111;172;1219;4062;4061;4070;1228
9,2466;3134;3135;167;1203;178;1302;1298;126;170;129;272;2984;132;136;137;454;2472;2452;2450;2475;3278;3277
9,2466;3134;3135;167;1203;178;1302;1298;126;170;129;272;2984;132;136;137;454;2472;2452;2450;2475;3278
9,2466;3134;3135;167;1203;178;1302;1298;126;170;129;272;2984;132;136;137;454;2472;2452;2450;2475;3278;3277;3275;3272;3271;3270;521;3026;4093;4095;3021
9,2466;3134;3135;167;1203;178;1302;1298;126;170;129;272;2984;132;136;137;454;2472;2452;2450;2475;3278;3277;3275;3272;3271;3270;521;3026;2726;504;3030;3031;2443;3742;3740;2981;2979;434;435;438;439;3181;3668;3664;3660;500;890;892;3728;894;3725;897;900;755
9,2466;119;2455;117;1161;477;1158;3080;111;3082;482;1153
9,2466;3134;3135;167;1203;178;1302;1298;126;170;129;272
9,2466;3134;3135;167;1203;178;1302;1298
9,2466;3134;3135;167;1203;178;1302
9,2466;3134;3135;167;1203;178;1302;1298;126;170;129;272;2984;132;136;137;454;2472;2452;2450;2475;3278;3277;3275;3272;3271;3270;521;3026;2726;504;3030;3031;2443;3742;3740;2981;2979;434;435;438;439;3181;3668;3664;3660;500;890;892;3728;894;3725;897;900;902;3716
9,2466;119;2455;117;1161;477
9,2466;3134;3135;167;1203;178;1302;1298;126;170;129;272;2984;132;136;137;454;2472;2452;2450;2475;3278;3277;3275;3272;3271;3270;521;3026;2726;504;3030;3031;2443;3742;3740;2981;2979;434;435;438;439;3181;3668;3664;3660;500;890;892;3390;830;3391;3393;827;924;3397;3400;820
9,2466;3134;3135;167;1203;178;1302;1298;126;170;129;272;2984;132;136;137
9,2466;3134;3135;167;1203;178;1302;1298;126;170;129;272;2984;132;136;137;454;2472;2452;2450;2475;3278;3277;3275;3272;3271;3270;521;3026;2726;504;3030;3031;2443;3742;3740;2981;2979;434;435;438;439;3181;3668;3664;3660;500;890;892;3390;830;3391;3393;827
9,2466;3134;3135;167;1203;178;1302;1298;126;170;129;272;2984;132;136;137;454;2472;2452;2450;2475;3278;3277;3275;3272;3271;3270;521;3026;2726;504;3030;3031;2443;3742;3740;2981;2979;434;435;438;439;3181;3668;3664;3660;500;890;892;3390
9,2466;3134;3135;167;1203;178;1302;1298;126;170;129;272;2984;132;136;137;454;2472;2452;2450;2475;3278;3277;3275;3272;3271;3270;521;3026;2726;504;3030;3031;2443;3742;3740;2981;2979;434;435;438;439;3181;3668;3664;3660;500;890;892;3390;830;3391
9,2466;3134;3135;167;1203;178;1302;1298;126;170;129;272;2984;132;136;137;454;2472;2452;2450;2475;3278;3277;3275;3272;3271;3270;521;3026;2726;504;3030;3031;2443;3742;3740;2981;2979;434;435;438;439;3181;3668;3664;3660;500;890;892;3390;830;3391;3393
9,2466;3134;3135;167;1203;178;1302;1298;126;170;129;272;2984;132;136;137;454;2472;2452;2450;2475;3278;3277;3275;3272;3271;3270;521;3026;2726;504;3030;3031;2443;3742;3740;2981;2979;434;435;438;439;3181;3668;3664;3660;500;890;892;3390;830;3391;3393;827;924;3397
9,2466;3134;3135;167;1203;178;1302;1298;126;170;129;272;2984;132;136;137;454;2472;2452;2450;2475;3278;3277;3275;3272;3271;3270;521;3026;2726;504;3030;3031;2443;3742;3740;2981;2979;434;435;438;439;3181;3668;3664;3660;500;890;892;3390;830;3391;3393;827;924;3397;3400
9,2466;3134;3135;167;1203;178;1302;1298;126;170;129;272;2984;132;136;137;454;2472;2452;2450;2475;3278;3277;3275;3272;3271;3270;521;3026;2726;504;3030;3031;2443;3742;3740;2981;2979;434;435;438;439;3181;3668;3664;3660;500;890;892;3390;830;3391;3393;827;924;3397;3400;820;3401
9,2466;3134;3135;167;1203;178;1302;1298;126;170;129;272;2984;132;136;137;454;2472;2471;336
9,2466;3134;3135;167;1203;178;1302;1298;126;170;129;272;2984;132;136;137;454;2472;2452;2450;2475;3278;3277;3275;3272;3271;3270;521;3026;2726;504;3030;3031;2443;3742;3740;2981;2979;434;435;438;439;3181;3668;3664;3660;500;890;892;3390;830;3391;3393;827;924;3397;192;195;196;200
9,2466;3134;3135;167;1203;178;1302;1298;126;170;129;272;2984;132;136;137;454;2472;2452;2450;2475;3278;3277;3275;3272;3271;3270;521;3026;2726;504;3030;3031;2443;3742;3740;883
9,2466;3134;3135;167;1203;178;1302;1298;126;170;129;272;2984;132;136;137;454;2472;2452;2450;2475;3278;3277;3275;3272;3271;3270;521;3026;2726;504;3030;3031;2443;3742;3740;2981;2979;434;435;438;439;3181;3668;3664;3660;500;890;892;3390;830
9,2466;3134;3135;167;1203;178;1302;1298;126;170;129;272;2984;132;136;137;454;2472;2452;2450;2475;3278;3277;3275;3272;3271;3270;521;3026;2726;504;3030;3031;2443;3742;3740;2981;2979;434;435;438;439;3181;3668;3664;3660;500;890
9,2466;3134;3135;167;1203;178;1302;1298;126;170;129;272;2984;132;136;137;454;2472;2452;2450;2475;3278;3277;3275;3272;3271;3270;521;3026;2726;504;3030;3031;2443;3742;3740;2981;2979;434;435;438;439;3181;3668;3664;3660;500;890;892
9,2466;3134;3135;167;1203;178;1302;1298;126;170;129;272;2984;132;136;137;454;2472;2452;2450;2475;3278;3277;3275;3272;3271;3270;521;3026;2726;504;3030;3031;2443;3742;3740;2981;2979;434;435;438;439;3181;3668;3664;3660;500;890;892;3390;830;3391;3393;827;924;923
9,2466;3134;3135;167;1203;178;1302;1298;126;170;129;272;2984;132;136;137;454;2472;2452;2450;2475;3278;3277;3275;3272;3271;3270;521;3026;2726;504;3030;3031;2443;3742;3740;2981;2979;434;435;438;439;3181;3668;3664;3660;500;890;892;3728;894
9,2466;3134;3135;167;1203;178;1302;1298;126;170;129;272;2984;132;136;137;454;2472;2452;2450;2475;3278;3277;3275;3272;3271;517;2431
9,2466;3134;3135;167;1203;178;1302;1298;126;170;129;272;2984;132;136;137;454;2472;2452;2450;2475;3278;3277;3275;3272;3271;3270;521;3026;2726;504;3030;3031;2443;3742;3740;2981;2979;434;435;438;439;3181;3668;3664;3660;500;890;892;3728;894;3725;897
9,2466;3134;3135;167;1203;178;1302;1298;126;170;129;272;2984;132;136;137;454;2472;2452;2450;2475;3278;3277;3275;3272;3271;3270;521;3026;2726;504;3030;3031;2443;3742;3740;2981;2979;434;435;438;439;3181;3668;3664;3660;500;890;892;3728;894;3725;897;900
9,2466;3134;3135;167;1203;178;1302;1298;126;170;129;272;2984;132;136;137;454;2472;2452;2450;2475;3278;3277;3275;3272;3271;3270;521;3026;2726;504;3030;3031;2443;3742;3740;2981;2979;434;435;438;439;3181;3668;3664;3660;500;890;892;3728;894;3725;897;900;902
9,2466;3134;3135;167;1203;178;1302;1298;126;170;129;272;2984;132;136;137;454;2472;2452;2450;2475;3278;3277;3275;3272;3271;3270;521;3026;2726;504;3030;3031;2443;3742;3740;2981;2979;434;435;438;439;3181;3668;3664;3660;500;890;892;3728;894;3725;897;900;902;3716;905
9,2466;3134;3135;167;1203;178;1302;1298;126;170;129;272;2984;132;136;137;454;2472;2452;2450;2475;3278;3277;3275;3272;3271;3270;521;3026;2726;504;3030;3031;2443
9,2466;3134;3135;167;1203;178;1302;1298;126;170;129;272;2984;132;136;137;454;2472;2452;2450;2475;3278;3277;3275;3272;3271;3270;521;3026;2726;504;3030;3031;2443;3742;3740;2981;2979;434;435;438;439;3181;3668;3664;3660;500;890;892;3728;894;3725;897;900;902;3716;905;909
9,2466;3134;3135;167;1203;178;1302;1298;126;170;129;272;2984;132;136;137;454;2472;2452;2450
9,2466;3134;3135;167;1203;178;1302;1298;126;170;129;272;2984;132;136;137;454;2472;2452
9,2466;119;2455
9,2466;119;2455;117;1161;477;1158;3080;111;3082;482;1153;1152;3085;3086;3676;3675;2969
9,2466;3134;3135;167;1203;178;1302;1298;126;170;129;272;2984;132;136;137;454;2472;2452;2450;2475;3278;3277;3275;3272;3271;3270;521;3026;2726;504;3030;3031;2443;3742;3740;2981;2979;434;435;438;439;3181;3668;3664;3660;500;890;892;3390;830;3391;3393;827;924;923;922
9,2466;3134;3135;167;1203;178;1302;1298;126;170;129;272;2984;132;136;137;454;2472;2471;336;3995
9,2466;3134;3135;167;1203;178;1302;1298;126;170;129;272;2984;132;136;137;454;2472;2452;2450;2475;3278;3277;3275;4196;441;448;450;2972
9,2466
9,2466;3134;3135;167;1203;178;1302;1298;126;170;129;272;2984;132;136;137;454;2472;2452;2450;2475;3278;3277;3275;3272;3271;3270;521;3026;2726;504;3030;3031;2443;3742;3740;2981;2979
9,2466;3134;3135;167;1203;178;1302;1298;126;170;129;272;2984;132;136;137;454;2472;2452;2450;2475;3278;3277;3275;3272;3271;3270;521;3026;2726;504;3030;3031;2443;3742;3740;2981
9,2466;3134;3135;167;1203;178;1302;1298;126;170;129;272;2984;132;136;137;454;2472;2471
9,2466;3134;3135;167;1203;178;1302;1298;126;170;129;272;2984
9,2466;3134;3135;167;1203;178;1302;1298;126;170;129;272;2984;132;136;137;454;2472;2452;2450;2475;3278;3277;3275;3272;3271;3270;521;3026;2726;504;3030;3031;2443;3742;3740;2981;2979;434;435;438;439;3181;3668;3664;3660;500;890;892;3390;830;3391;3393;827;924
9,2466;3134;3135;167;1203;178;1302;1298;126;170;129;272;2984;491;2986
9,2466;3134;3135;167;1203;178;1302;1298;126;170;129;272;2984;132;136;137;454;2472;2452;2450;2475
9,2466;3134;3135;167;1203;178;1302;1298;126;170;129;272;2984;132;136;137;454;2472;2452;2450;2475;3278;3277;3275;3272;3271;3270;521;3026;2726;504;3030;3031;2443;2481
9,2466;3134;3135;167;1203;178;1302;1298;126;170;129;272;2984;132;136;137;454;2472;2452;2450;2475;3278;3277;3275;3272;3271;3270;521;3026;2726;504;3030;3031;2443;3742;3740;2981;2979;434
9,2466;3134;3135;167;1203;178;1302;1298;126;170;129;272;2984;132;136;137;454;2472;2452;2450;2475;3278;3277;3275;3272;3271;3270;521;3026;2726;504;3030;3031;2443;3742;3740;2981;2979;434;435
9,2466;3134;3135;167;1203;178;1302;1298;126;170;129;272;2984;132;136;137;454;2472;2452;2450;2475;3278;3277;3275;3272;3271;3270;521;3026;2726;504;3030;3031;2443;3742;3740;2981;2979;434;435;438
9,2466;3134;3135;167;1203;178;1302;1298;126;170;129;272;2984;132;136;137;454;2472;2452;2450;2475;3278;3277;3275;3272;3271;3270;521;3026;2726;504;3030;3031;2443;3742;3740;2981;2979;434;435;438;439
9,2466;3134;3135;167;1203;178;1302;1298;126;170;129;272;2984;132;136;137;454;2472;2452;2450;2475;3278;3277;3275;4196;441
9,2466;3134;3135;167;1203;178;1302;1298;126;170;129;272;2984;132;136;137;454;2472;2452;2450;2475;3278;3277;3275;4196;441;448
9,2466;3134;3135;167;1203;178;1302;1298;126;170;129;272;2984;132;136;137;454;2472;2452;2450;2475;3278;3277;3275;4196;441;448;450
9,2466;3134;3135;167;1203;178;1302;1298;126;170;129;272;2984;132;136;137;454
9,2466;3134;3135;167;1203;178;1302;1298;126;170;129;272;2984;491;2986;459
9,2466;3134;3135;167;1203;178;1302;1298;126;170;129;272;2984;491;461
9,2466;3134;3135;167;1203;178;1302;1298;126;170;129;272;2984;132;136;137;454;2472;2452;2450;2475;3278;3277;3275;3272;3271;3270;521;3026
9,2466;3134;3135;167;1203;178;1302;1298;126;170;129;272;2984;132;136;137;454;2472;2452;2450;2475;3278;3277;3275;3272;3271;3270;521;3026;2726;504;3030
9,2466;3134;3135;167;1203;178;1302;1298;126;170;129;272;2984;132;136;137;454;2472;2452;2450;2475;3278;3277;3275;3272;3271;3270;521;3026;2726;504;3030;3031
9,2466;119;2455;117;1161;477;1158;3080;111;172;1219;4062;4061
9,2466;119;2455;117;1161;477;1158;3080;111;172;1219;4062
9,2466;119;2455;117;1161;477;1158;3080;111;3082;482
9,2466;119;2455;117;1161;477;1158;3080;111;3082;4068
9,2466;119;2455;117;1161;477;1158;3080;111;172;1219;4062;4061;4070
9,2466;119;2455;117;1161;477;1158;3080;111;172;1219;4062;4061;4070;1228;4071
9,2466;3134;3135;167;1203;178;1302;1298;126;170;129;272;2984;491
9,2466;3134;3135;167;1203;178;1302;1298;126;170;129;272;2984;132;136;137;454;2472;2452;2450;2475;3278;3277;3275;3272;3271;3270;521;3026;2726;504;505;509
9,2466;3134;3135;167;1203;178;1302;1298;126;170;129;272;2984;132;136;137;454;2472
9,2466;3134;3135;167;1203;178;1302;1298;126;170;129;272;2984;132;136;137;454;2472;2452;2450;2475;3278;3277;3275;3272;3271;3270;521;3026;2726;504;3030;3031;2443;3742;3740;2981;2979;434;435;438;439;3181;3668;3664;3660;500
9,2466;119;2455;117;1161;2580;189;3127;1015
9,2466;3134;3135;167;1203;178;1302;1298;126;170;129;272;2984;132;136;137;454;2472;2452;2450;2475;3278;3277;3275;3272;3271;3270;521;3026;2726;504
9,2466;3134;3135;167;1203;178;1302;1298;126;170;129;272;2984;132;136;137;454;2472;2452;2450;2475;3278;3277;3275;3272;3271;3270;521;3026;2726;504;505
9,2466;3134;3135;167;1203;178;1302;1298;126;170;129;272;2984;132;136;137;454;2472;2452;2450;2475;3278;3277;3275;3272;3271;3270;521;3026;4093;4095
9,2466;3134;3135;167;1203;178;1302;1298;126;170;129;272;2984;132;136;137;454;2472;2452;2450;2475;3278;3277;3275;3272;3271;3270;521;3026;4093
9,2466;3134;3135;167;1203;178;1302;1298;126;170;129;272;2984;132;136;137;454;2472;2452;2450;2475;3278;3277;3275;4196;441;448;450;2972;1195;426
10,2245;2241;2373;2363;2081;3787;3782;3781;3778;3774;2858;2380;4258;4259;4263;4266;4268;1079;1082;4506;1087;4274;2124;2119;2118;317;3163;3166;3167;3171;3174;4421;4420;3177;4415;4414;4412;4410;4406;4404;2336
10,2245;2241;2373;2363;2081;3787;3782;3781;3778;3774;2858;2380;4258;4259;4263;4266;4268;1079;1082;4506;1087;4274;2124;2119;2118;317;3163;3166;3167;3171;308;307;2069
10,2245;2241;2373;2363;2081;3787;3782;3781;3778;3774;2858;2380;4258;4259;4263;4266;4268;1079;1082;4506;1087;4274;2124;2119;2118;317;3163;3166;3167;3171;308;307;2069;2073
10,2245;2241;2373;2363;2081;3787;3782;3781;3778;3774;2858;2380;4258;4259;4263;4266;4268;1079;1082;4506;1087;4274;2124;2119;2118;317;3163;3166;3167;3171;308;307;2069;2073;2076
10,2245;2241;2373;2363;2081;3787;3782;3781;3778;3774;2858;2380;4258;4259;4263;4266;4268;1079;1082;4506;1087;4274;2124;2119;2118;317;3163;3166;3167;3171;308;307;2069;2073;2076;2077
10,2245;2241;2373;2363;2081;3787;3782;3781;3778;3774;2858;2380;4258;4259;4263;4266;4268;1079;1082;4506;1087;4274;2124;2119;2118;317;3163;3166;3167;3171;308;307;2069;2073;2076;2077;2079
10,2245;2241;2373;2363;2081
10,2245;2241;2373;2363;2081;3787;3782;3781;3778;3774;2858;2380;4258;4259;4263;4266;4268;1079;1082;4506;1087;4274;2124;2119;2118;317;3163;3166;3167;3171;308;307;2069;2073;2076;2077;2079;2092;2089
10,2245;2241;2373;2363;2081;3787;3782;3781;3778;3774;2858;2380;4258;4259;4263;4266;4268;1079;1082;4506;1087;4274;2124;2119;2118;317;3163;3166;3167;3171;308;307;2069;2073;2076;2077;2079;2092
10,2245;2241;2373;2363;2081;3787;3782;3781;3778;3774;2858;2380;4258;4259;4263;4266;4268;1079;1082;4506;1087;4274;2124;2119;2118;317;3163;3166;3167;3171;308;307;2069;2073;2076;2098
10,2245;2241;2373;2363;2081;3787;3782;3781;3778;3774;2858;2380;4258;4259;4263;4266;4268;1079;2832;1075
10,2245;2241;2373;2363;2081;3787;3782;3781;3778;3774;2858;2380;4258;4259;4263;4266;4268;1079;1082;4506;1087;4274;2124;2119;2118;317;3163;3166;3167;3171;308;307;2069;2073;2076;2098;2100
10,2245;2241;2373;2363;2081;3787;3782;3781;3778;3774;2858;2380;4258;4259;4263;4266;4268;1079;1082;4506;1087;4274;2124;2119;2118;317;3163;3166;3167;3171;308;307;2069;2073;2076;2098;2100;2102
10,2245;2241;2373;2363;2081;3787;3782;3781;3778;3774;2858;2380;4258;4259;4263;4266;4268;1079
10,2245;2241;2373;2363;2081;3787;3782;3781;3778;3774;2858;2380;4258;4259;4263;4266;4268;1079;1082;4506;1087;4274;2124;2119;2118;317;3163;3166;3167;3171;308;307;2069;2073;2076;2098;2100;2102;2105
10,2245;2241;2373;2363;2081;3787;3782;3781;3778;3774;2858;2380;4258;4259;4263;4266;4268;1079;1082
10,2245;2241;2373;2363;2081;3787;3782;3781;3778;3774;2858;2380;4258;4259;4263;4266;4268;1079;1082;4506;1087;4274;2124;2119;2118;317;3163;3166;3167;3171;308;307;2069;2073;2076;2098;2100;2102;2105;2109
10,2245;2241;2373;2363;2081;3787;3782;3781;3778;3774;2858;2380;4258;4259;4263;4266;4268;1079;1082;4506;1087;4274;2124;2119;2118;317;3163;3166;3167;3171;308;307;2069;2073;2076;2098;2100;2102;2105;2109;2110
10,2245;2241;2373;2363;2081;3787;3782;3781;3778;3774;2858;2380;4258;4259;4263;4266;4268;1079;1082;4506;1087
10,2245;2241;2373;2363;2081;3787;3782;3781;3778;3774;2858;2380;4258;4259;4263;4266;4268;1079;1082;4506;1087;4274;2124;2119;2118;317;3163;3166;3167;3171;308;307;2069;2073;2076;2098;2100;2102;2105;2109;2110;2112
10,2245;2241;2373;2363;2081;3787;3782;3781;3778;3774;2858;2380;4258;4259;4263;4266;4268;1079;1082;4506;1087;4274;2124;2119;2118
10,2245;2241;2373;2363;2081;3787;3782;3781;3778;3774;2858;2380;4258;4259;4263;4266;4268;1079;1082;4506;1087;4274;2124;2119
10,2245;2241;2373;2363;2081;3787;3782;3781;3778;3774;2858;2380;4258;4259;4263;4266;4268;1079;1082;4506;1087;3147
10,2245;2241;2373;2363;2081;3787;3782;3781;3778;3774;2858;2380;4258;4259;4263;4266;4268;1079;1082;4506;1087;4274;2124
10,2245;2241;2373;2363;2081;3787;3782;3781;3778;3774;2858;2380;4258;4259;4263;4266;4268;1079;1082;4506;2792;591
10,2245;2241;2373;2363;2081;3787;3782;3781;3778;3774;2858;2380;4258;4259;4263;4266;4268;1079;1082;4506;1087;4274;2124;3153
10,2245;2241;2373;2363;2081;3787;3782;3781;3778;3774;2858;2380;4258;4259;4263;4266;4268;1079;1082;4506;1087;4274;2124;3153;3155
10,2245;2241;2373;2363;2081;3787;3782;3781;3778;3774;2858;2380;4258;4259;4263;4266;4268;1079;1082;4506;1087;4274;2124;2119;2118;317;3163
10,2245;2241;2373;2363;2081;3787;3782;3781;3778;3774;2858;2380;4258;4259;4263;4266;4268;1079;1082;4506;1087;4274;2124;2119;2118;317;3163;3166
10,2245;2241;2373;2363;2081;3787;3782;3781;3778;3774;2858;2380;4258;4259;4263;4266;4268;1079;1082;4506;1087;4274;2124;2119;2118;317;3163;3166;3167
10,2245;2241;2373;2363;2081;3787;3782;3781;3778;3774;2858;2380;4258;4259;4263;4266;4268;1079;1082;4506;1087;4274;2124;2119;2118;317;3163;3166;3167;3171
10,2245;2241;2373;2363;2081;3787;3782;3781;3778;3774;2858;2380;4258;4259;4263;4266;4268;1079;1082;4506;1087;4274;2124;2119;2118;317;3163;3166;3167;3171;3174
10,2245;2241;2373;2363;2081;3787;3782;3781;3778;3774;2858;2380;4258;4259;4263;4266;4268;1079;1082;4506;1087;4274;2124;2119;2118;317;3163;3166;3167;3171;3174;4421;4420;3177
10,2245;2241;2373;2363;2081;3787;3782;3781;3778;3774;2858;2380;4258;4259;4263;4266;4268;1079;1082;4506;1087;4274;2124;3153;2360;2361;2668
10,2245;2241;2373;2363;2081;3787;3782;3781;3778;3774;2858;2380;4258;4259;4263;4266;4268;1079;1082;4506;1087;4274;2124;2119;2118;317;3163;3166;3167;3171;3174;4421;4420;3177;4415;4414;4412;4410;4409
10,2245;2241;2373;2363;2081;3787;3782;3781;3778;3774;2858;2380;4258;4259;4263;4266;4268;1079;1082;4506;1087;4274;2124;3153;2360;2361;2668;2675
10,2245;2241;2373;2363;2081;3787;3782;3781;3778;3774;2858;2380;4258;4259;4263;4266;4268;1079;1082;4506;1087;3147;4284;4285;4286
10,2245;2241;2373;2363;2081;3787;3782;3781;3778;3774;2858;2380;4258;4259;4263;4266;4268;1079;1082;4506;1087;4274;2124;3153;2360;2361;2668;2675;2691;2682
10,2245;2241;2373;2363;2081;3787;3782;3781;3778;3774;2858;2380;4258;4259;4263;4266;4268;1079;1082;4506;1087;4274;2124;3153;2360;2361;2668;2675;2691;2682;2685
10,2245;2241;2373;2363;2081;3787;3782;3781;3778;3774;2858;2380;4258;4259;4263;4266;4268;1079;2832;1075;2835;2837
10,2245;2241;2373;2363;2081;3787;3782;3781;3778;3774;2858;2380;4258;4259;4263;4266;4268;1079;1082;4506;1087;4274;2124;3153;2360;2361;2668;2675;2691
10,2245;2241;2373;2363;2081;3787;3782;3781;3778;3774;2858;2380;4258;4259;4263;4266;4268;1079;1082;4506;1087;4274;2124;3153;2360;2361;2668;2675;2691;2697
10,2245;2241;2373;2363;2081;3787;3782;3781;3778;3774;2858;2380;4258;4259;4263;4266;4268;1079;1082;4506;1087;4274;2124;3153;2360;2361;2668;2675;2691;2697;2700
10,2245
10,2245;2241;2373;2363;2081;3787;3782;3781;3778;3774;2858;2380;4258
10,2245;2241;2373;2363;2081;3787;3782;3781;3778;3774;2858;2380;4258;4259
10,2245;2241;2373;2363;2081;3787;3782;3781;3778;3774;2858;2380;4258;4259;4263;4266;4268;1079;1082;4506;1087;4274;2124;3153;2360;2361;1188
10,2245;2241;2373;2363;2081;3787;3782;3781;3778;3774;2858;2380;4258;4259;4263;4266;4268;1079;1082;4506;1087;4274;2124;3153;2360;2361;1188;1189
10,2245;2241;2373;2363;2081;3787;3782;3781;3778;3774;2858;2380;4258;4259;4263
10,2245;2241;2373;2363;2081;3787;3782;3781;3778;3774;2858;2380;4258;4259;4263;4266
10,2245;2241;2373;2363;2081;3787;3782;3781;3778;3774;2858;2380;4258;4259;4263;4266;4268
10,2245;2241;2373;2363;2081;3787;3782;3781;3778;3774;2858;2380;4258;4259;4263;4266;4268;1079;1082;4506;1087;4274
10,2245;2241;2373;2363;2081;3787;3782;3781;3778;3774;2858;2380;4258;4259;4263;4266;4268;1079;1082;4506;1087;3147;4284
10,2245;2241;2373;2363;2081;3787;3782;3781;3778;3774;2858;2380;4258;4259;4263;4266;4268;1079;1082;4506;1087;3147;4284;4285
10,2245;2241;2373;2363;2081;3787;3782;3781;3778;3774
10,2245;2241;2373;2363;2081;3787;3782;3781;3778;3774;2858;2380;4258;4259;4263;4266;4268;1079;1082;4506;1087;3147;4284;4285;4286;4287
10,2245;2241
10,2245;2241;2373;2363;2081;3787;3782;3781;3778
10,2245;2241;2373;2363;2081;3787;3782;3781
10,2245;2241;2373;2363;2081;3787;3782
10,2245;2241;2373;2363;2081;3787
10,283;288;2257
10,2245;2241;2373;2363;2081;3787;3782;3781;3778;3774;2858;2380;4258;4259;4263;4266;4268;1079;1082;4506;1087;4274;2124;2119;2118;317;3163;3166;3167;3171;3174;4421;4420;3177;4415;4414;4412;4410;4409;3293;3292
10,2245;2241;2373;2363;2081;3787;3782;3781;3778;3774;2858;2380;4258;4259;4263;4266;4268;1079;1082;4506;1087;4274;2124;2119;2118;317;3163;3166;3167;3171;3174;4421;4420;3177;4415;4414;4412;4410;4409;3293
10,2245;2241;2373;2363;2081;3787;3782;3781;3778;3774;2858;2380;4258;4259;4263;4266;4268;1079;1082;4506;1087;4274;2124;2119;2118;317;3163;3166;3167;3171;3174;4421;4420;3177;4415;4414;4412;4410;4409;3293;2279;2276;2272;2270
10,2245;2241;2373;2363;2081;3787;3782;3781;3778;3774;2858;2380;4258;4259;4263;4266;4268;1079;1082;4506;1087;4274;2124;2119;2118;317;3163;3166;3167;3171;3174;4421;4420;3177;4415;4414;4412;4410;4409;3293;2279;2276;2272
10,2245;2241;2373;2363;2081;3787;3782;3781;3778;3774;2858;2380;4258;4259;4263;4266;4268;1079;1082;4506;2792;2787;2785
10,2245;2241;2373;2363;2081;3787;3782;3781;3778;3774;2858;2380;4258;4259;4263;4266;4268;1079;1082;4506;2792;2787
10,2245;2241;2373;2363;2081;3787;3782;3781;3778;3774;2858;2380;4258;4259;4263;4266;4268;1079;1082;4506;1087;4274;2124;2119;2118;317;3163;3166;3167;3171;3174;4421;4420;3177;4415;4414;3300
10,2245;2241;2373;2363;2081;3787;3782;3781;3778;3774;2858;2380;4258;4259;4263;4266;4268;1079;1082;4506;1087;4274;2124;2119;2118;317;3163;3166;3167;3171;3174;4421;4420;3177;4415;4414;4412;4410;4409;3293;2279
10,2245;2241;2373;2363;2081;3787;3782;3781;3778;3774;2858;2380;4258;4259;4263;4266;4268;1079;1082;4506;2792
10,2245;2241;2373;2363;2081;3787;3782;3781;3778;3774;2858;2380;4258;4259;4263;4266;4268;1079;1082;4506;1087;4274;2124;3153;2360;2361;2668;2675;2691;2697;3326
10,2245;2241;2373;2363;2081;3787;3782;3781;3778;3774;2858;2380;4258;4259;4263;4266;4268;1079;1082;4506;1087;4274;2124;3153;2360;2361;2668;2675;2691;2697;3326;3331
10,2245;2241;2373;2363;2081;3787;3782;3781;3778;3774;2858;2380;4258;4259;4263;4266;4268;1079;1082;4506;1087;4274;2124;3153;2360;2361;2668;2675;2691;2697;3326;3331;3333
10,2245;2241;2373;2363;2081;3787;3782;3781;3778;3774;2858;2380;4258;4259;4263;4266;4268;1079;1082;4506;1087;4274;2124;3153;2360;2361;2668;2675;2691;2697;3326;3331;3333;3336
10,2245;2241;2373;2363;2081;3787;3782;3781;3778;3774;2858;2380;4258;4259;4263;4266;4268;1079;2832;2831;2829
10,2245;2241;2373;2363;2081;3787;3782;3781;3778;3774;2858;2380;4258;4259;4263;4266;4268;1079;2832;2831
10,2245;2241;2373;2363;2081;3787;3782;3781;3778;3774;2858;2380;4258;4259;4263;4266;4268;1079;2832
10,2245;2241;2373;2363;2081;3787;3782;3781;3778;3774;2858;2380;4258;4259;4263;4266;4268;1079;2832;1075;2835
10,
10,283
10,283;288
10,2245;2241;2373;2363;2081;3787;3782;3781;3778;3774;2858;2380;4258;4259;4263;4266;4268;1079;1082;4506;1087;4274;2124;3153;2360;2361;2668;2675;2691;2697;2700;3361
10,2245;2241;2373;2363;2081;3787;3782;3781;3778;3774;2858;2380;2851
10,283;288;292
10,2245;2241;2373;2363;2081;3787;3782;3781;3778;3774;2858
10,2245;2241;2373;2363;2081;3787;3782;3781;3778;3774;2858;2380;4258;4259;4263;4266;4268;1079;1082;4506;1087;4274;2124;2119;2118;317;3163;3166;3167;3171;308;307;2069;301
10,2245;2241;2373;2363;2081;3787;3782;3781;3778;3774;2858;2380;4258;4259;4263;4266;4268;1079;1082;4506;1087;4274;2124;2119;2118;317;3163;3166;3167;3171;3174;4421;4420;3177;4415;4414;4412;4410;4409;3293;2279;2276;2272;2270;2269
10,2245;2241;2373;2363;2081;3787;3782;3781;3778;3774;2858;2380;4258;4259;4263;4266;4268;1079;1082;4506;1087;4274;2124;2119;2118;317;3163;3166;3167;3171;3174;4421;4420;3177;4415;4414;4412;4410;4406;4404;4401
10,2245;2241;2373;2363;2081;3787;3782;3781;3778;3774;2858;2380;4258;4259;4263;4266;4268;1079;1082;4506;1087;4274;2124;2119;2118;317;3163;3166;3167;3171;308;307
10,2245;2241;2373;2363;2081;3787;3782;3781;3778;3774;2858;2380;4258;4259;4263;4266;4268;1079;1082;4506;1087;4274;2124;2119;2118;317;3163;3166;3167;3171;308
10,2245;2241;2373;2363;2081;3787;3782;3781;3778;3774;2858;2380;4258;4259;4263;4266;4268;1079;1082;4506;1087;4274;2124;2119;2118;317;3163;3166;3167;3171;3174;4421;4420;3177;4415;4414;4412;4410;4406
10,2245;2241;2373;2363;2081;3787;3782;3781;3778;3774;2858;2380;4258;4259;4263;4266;4268;1079;1082;4506;1087;4274;2124;3153;2360
10,2245;2241;2373;2363;2081;3787;3782;3781;3778;3774;2858;2380;4258;4259;4263;4266;4268;1079;1082;4506;1087;4274;2124;3153;2360;2361
10,2245;2241;2373;2363;2081;3787;3782;3781;3778;3774;2858;2380;4258;4259;4263;4266;4268;1079;1082;4506;1087;4274;2124;2119;2118;317;3163;3166;3167;3171;3174;4421;4420;3177;4415;4414;4412;4410
10,2245;2241;2373;2363
10,2245;2241;2373;2363;2081;3787;3782;3781;3778;3774;2858;2380;4258;4259;4263;4266;4268;1079;1082;4506;1087;4274;2124;2119;2118;317;3163;3166;3167;3171;3174;4421;4420;3177;4415;4414;4412
10,2245;2241;2373;2363;2081;3787;3782;3781;3778;3774;2858;2380;4258;4259;4263;4266;4268;1079;1082;4506;1087;4274;2124;2119;2118;317
10,2245;2241;2373;2363;2081;3787;3782;3781;3778;3774;2858;2380;4258;4259;4263;4266;4268;1079;1082;4506;1087;4274;2124;2119;2118;317;3163;3166;3167;3171;3174;4421;4420;3177;4415;4414
10,2245;2241;2373;2363;2081;3787;3782;3781;3778;3774;2858;2380;4258;4259;4263;4266;4268;1079;1082;4506;1087;4274;2124;2119;2118;317;3163;3166;3167;3171;3174;4421;4420;3177;4415
10,2245;2241;2373;2363;2081;3787;3782;3781;3778;3774;2858;2380;4258;4259;4263;4266;4268;1079;1082;4506;1087;4274;2124;2119;2118;317;3163;3166;3167;3171;3174;4421;4420
10,2245;2241;2373;2363;2081;3787;3782;3781;3778;3774;2858;2380;4258;4259;4263;4266;4268;1079;1082;4506;1087;4274;2124;2119;2118;317;3163;3166;3167;3171;3174;4421
10,2245;2241;2373;2363;2081;3787;3782;3781;3778;3774;2858;2380;4258;4259;4263;4266;4268;1079;1082;4506;1087;4274;2124;2119;2118;317;3163;3166;3167;3171;3174;4421;4420;3177;4415;4414;4412;4410;4406;4404
10,2245;2241;2373;2363;2081;3787;3782;3781;3778;3774;2858;2380
10,2245;2241;2373;2363;2081;3787;3782;3781;3778;3774;2858;2380;4258;4259;4263;4266;4268;1079;1082;4506;1087;4274;2124;2119;2118;317;3163;4520;4524;4440;4433;4429
10,2245;2241;2373;2363;2081;3787;3782;3781;3778;3774;2858;2380;4258;4259;4263;4266;4268;1079;1082;4506;1087;4274;2124;2119;2118;317;3163;4520;4524;4440;4433
10,2245;2241;2373;2363;2081;3787;3782;3781;3778;3774;2858;2380;4258;4259;4263;4266;4268;1079;1082;4506;1087;4274;2124;2119;2118;317;3163;3166;313
10,2245;2241;2373;2363;2081;3787;3782;3781;3778;3774;2858;2380;4258;4259;4263;4266;4268;1079;1082;4506;1087;4274;2124;2119;2118;317;3163;4520;4524;4440
10,2245;2241;2373;2363;2081;3787;3782;3781;3778;3774;2858;2380;4258;4259;4263;4266;4268;1079;1082;4506;1087;4274;2124;2119;2118;317;3163;3166;3167;3171;3174;4421;4420;3177;4415;4414;4412;4410;4409;3293;2279;2276
10,2245;2241;2373;2363;2081;3787;3782;3781;3778;3774;2858;2380;4258;4259;4263;4266;4268;1079;1082;4506
10,2245;2241;2373
10,2245;2241;2373;2363;2081;3787;3782;3781;3778;3774;2858;2380;4258;4259;4263;4266;4268;1079;1082;4506;1087;4274;2124;2119;2118;317;3163;4520;4519
10,2245;2241;2373;2363;2081;3787;3782;3781;3778;3774;2858;2380;4258;4259;4263;4266;4268;1079;1082;4506;1087;4274;2124;2119;2118;317;3163;4520
10,2245;2241;2373;2363;2081;3787;3782;3781;3778;3774;2858;2380;4258;4259;4263;4266;4268;1079;1082;4506;1087;4274;2124;2119;2118;317;3163;4520;4524
10,2245;2241;2373;2363;2081;3787;3782;3781;3778;3774;2858;2380;4258;4259;4263;4266;4268;1079;1082;4506;1087;4274;2124;2119;2118;317;3163;4520;4524;4525
10,2245;2241;2373;2363;2081;3787;3782;3781;3778;3774;2858;2380;4258;4259;4263;4266;4268;1079;1082;4506;1087;4274;2124;2119;2118;317;3163;4520;4524;4525;4529
